Year,Province,Regency/City,highest_restriction,start_date
2019,Aceh,ACEH SELATAN,None,n/a
2019,Aceh,ACEH TENGAH,None,n/a
2019,Aceh,BENER MERIAH,None,n/a
2019,Aceh,GAYO LUES,None,n/a
2019,Aceh,KOTA LANGSA,None,n/a
2019,Aceh,KOTA SABANG,None,n/a
2019,Aceh,SIMEULUE,None,n/a
2019,DKI Jakarta,ADM. KEP. SERIBU,None,n/a
2019,Jawa Barat,KOTA TASIKMALAYA,None,n/a
2019,Jawa Barat,PANGANDARAN,None,n/a
2019,Jawa Barat,SUBANG,None,n/a
2019,Jawa Barat,SUMEDANG,None,n/a
2019,Jawa Tengah,BATANG,None,n/a
2019,Jawa Tengah,BOYOLALI,None,n/a
2019,Jawa Tengah,BREBES,None,n/a
2019,Jawa Tengah,CILACAP,None,n/a
2019,Jawa Tengah,GROBOGAN,None,n/a
2019,Jawa Tengah,JEPARA,None,n/a
2019,Jawa Tengah,KEBUMEN,None,n/a
2019,Jawa Tengah,KENDAL,None,n/a
2019,Jawa Tengah,KLATEN,None,n/a
2019,Jawa Tengah,KOTA MAGELANG,None,n/a
2019,Jawa Tengah,PEMALANG,None,n/a
2019,Jawa Tengah,PURWOREJO,None,n/a
2019,Jawa Tengah,REMBANG,None,n/a
2019,Jawa Tengah,SEMARANG,None,n/a
2019,Jawa Tengah,SRAGEN,None,n/a
2019,Jawa Tengah,SUKOHARJO,None,n/a
2019,Jawa Tengah,WONOSOBO,None,n/a
2019,Jawa Timur,BANYUWANGI,None,n/a
2019,Jawa Timur,BOJONEGORO,None,n/a
2019,Jawa Timur,BONDOWOSO,None,n/a
2019,Jawa Timur,KEDIRI,None,n/a
2019,Jawa Timur,KOTA BLITAR,None,n/a
2019,Jawa Timur,KOTA MOJOKERTO,None,n/a
2019,Jawa Timur,KOTA PASURUAN,None,n/a
2019,Jawa Timur,MADIUN,None,n/a
2019,Jawa Timur,MALANG,None,n/a
2019,Jawa Timur,NGANJUK,None,n/a
2019,Jawa Timur,NGAWI,None,n/a
2019,Jawa Timur,PACITAN,None,n/a
2019,Jawa Timur,PASURUAN,None,n/a
2019,Jawa Timur,PROBOLINGGO,None,n/a
2019,Jawa Timur,SAMPANG,None,n/a
2019,Jawa Timur,SIDOARJO,None,n/a
2019,Jawa Timur,SUMENEP,None,n/a
2019,Jawa Timur,TRENGGALEK,None,n/a
2019,Jawa Timur,TUBAN,None,n/a
2019,Kalimantan Barat,BENGKAYANG,None,n/a
2019,Kalimantan Barat,KAPUAS HULU,None,n/a
2019,Kalimantan Barat,KETAPANG,None,n/a
2019,Kalimantan Barat,MEMPAWAH,None,n/a
2019,Kalimantan Barat,SAMBAS,None,n/a
2019,Kalimantan Barat,SANGGAU,None,n/a
2019,Kalimantan Selatan,BALANGAN,None,n/a
2019,Kalimantan Selatan,HULU SUNGAI SELATAN,None,n/a
2019,Kalimantan Selatan,HULU SUNGAI TENGAH,None,n/a
2019,Kalimantan Selatan,KOTABARU,None,n/a
2019,Kalimantan Tengah,BARITO TIMUR,None,n/a
2019,Kalimantan Tengah,BARITO UTARA,None,n/a
2019,Kalimantan Tengah,KAPUAS,None,n/a
2019,Kalimantan Tengah,KATINGAN,None,n/a
2019,Kalimantan Tengah,KOTA PALANGKARAYA,None,n/a
2019,Kalimantan Tengah,KOTAWARINGIN BARAT,None,n/a
2019,Kalimantan Tengah,KOTAWARINGIN TIMUR,None,n/a
2019,Kalimantan Tengah,PULANG PISAU,None,n/a
2019,Kalimantan Tengah,SUKAMARA,None,n/a
2019,Kalimantan Timur,KUTAI KARTANEGARA,None,n/a
2019,Kalimantan Timur,KUTAI TIMUR,None,n/a
2019,Kalimantan Timur,PASER,None,n/a
2019,Kalimantan Timur,PENAJAM PASER UTARA,None,n/a
2019,Kepulauan Bangka Belitung,BANGKA,None,n/a
2019,Kepulauan Bangka Belitung,BANGKA SELATAN,None,n/a
2019,Kepulauan Bangka Belitung,BANGKA TENGAH,None,n/a
2019,Kepulauan Bangka Belitung,KOTA PANGKAL PINANG,None,n/a
2019,Kepulauan Riau,BINTAN,None,n/a
2019,Kepulauan Riau,KARIMUN,None,n/a
2019,Kepulauan Riau,KEPULAUAN ANAMBAS,None,n/a
2019,Kepulauan Riau,KOTA BATAM,None,n/a
2019,Kepulauan Riau,KOTA TANJUNG PINANG,None,n/a
2019,Kepulauan Riau,LINGGA,None,n/a
2019,Kepulauan Riau,NATUNA,None,n/a
2019,Lampung,KOTA BANDAR LAMPUNG,None,n/a
2019,Lampung,KOTA METRO,None,n/a
2019,Lampung,LAMPUNG BARAT,None,n/a
2019,Lampung,PRINGSEWU,None,n/a
2019,Lampung,WAY KANAN,None,n/a
2019,Maluku,BURU SELATAN,None,n/a
2019,Maluku,MALUKU TENGGARA,None,n/a
2019,Maluku Utara,HALMAHERA UTARA,None,n/a
2019,Maluku Utara,KOTA TERNATE,None,n/a
2019,Maluku Utara,KOTA TIDORE KEPULAUAN,None,n/a
2019,Nusa Tenggara Barat,LOMBOK TIMUR,None,n/a
2019,Nusa Tenggara Barat,LOMBOK UTARA,None,n/a
2019,Papua,KOTA JAYAPURA,None,n/a
2019,Papua Barat Daya,RAJA AMPAT,None,n/a
2019,Sulawesi Barat,PASANGKAYU,None,n/a
2019,Sulawesi Selatan,BANTAENG,None,n/a
2019,Sulawesi Selatan,BARRU,None,n/a
2019,Sulawesi Selatan,BONE,None,n/a
2019,Sulawesi Selatan,BULUKUMBA,None,n/a
2019,Sulawesi Selatan,ENREKANG,None,n/a
2019,Sulawesi Selatan,KEPULAUAN SELAYAR,None,n/a
2019,Sulawesi Selatan,KOTA PALOPO,None,n/a
2019,Sulawesi Selatan,KOTA PAREPARE,None,n/a
2019,Sulawesi Selatan,LUWU TIMUR,None,n/a
2019,Sulawesi Selatan,LUWU UTARA,None,n/a
2019,Sulawesi Selatan,MAROS,None,n/a
2019,Sulawesi Selatan,PANGKAJENE KEPULAUAN,None,n/a
2019,Sulawesi Selatan,SINJAI,None,n/a
2019,Sulawesi Tengah,BANGGAI,None,n/a
2019,Sulawesi Tengah,DONGGALA,None,n/a
2019,Sulawesi Tengah,POSO,None,n/a
2019,Sulawesi Tenggara,BOMBANA,None,n/a
2019,Sulawesi Tenggara,BUTON,None,n/a
2019,Sulawesi Tenggara,KOLAKA,None,n/a
2019,Sulawesi Utara,BOLAANG MONGONDOW SELATAN,None,n/a
2019,Sulawesi Utara,KEP. SIAU TAGULANDANG BIARO,None,n/a
2019,Sulawesi Utara,KEPULAUAN SANGIHE,None,n/a
2019,Sulawesi Utara,KEPULAUAN TALAUD,None,n/a
2019,Sulawesi Utara,KOTA KOTAMOBAGU,None,n/a
2019,Sulawesi Utara,KOTA TOMOHON,None,n/a
2019,Sulawesi Utara,MINAHASA,None,n/a
2019,Sulawesi Utara,MINAHASA SELATAN,None,n/a
2019,Sulawesi Utara,MINAHASA TENGGARA,None,n/a
2019,Sulawesi Utara,MINAHASA UTARA,None,n/a
2019,Sumatera Barat,AGAM,None,n/a
2019,Sumatera Barat,DHARMASRAYA,None,n/a
2019,Sumatera Barat,KOTA PADANG PANJANG,None,n/a
2019,Sumatera Barat,KOTA PAYAKUMBUH,None,n/a
2019,Sumatera Barat,KOTA SAWAHLUNTO,None,n/a
2019,Sumatera Barat,PASAMAN,None,n/a
2019,Sumatera Barat,PESISIR SELATAN,None,n/a
2019,Sumatera Barat,SIJUNJUNG,None,n/a
2019,Sumatera Barat,TANAH DATAR,None,n/a
2019,Sumatera Selatan,EMPAT LAWANG,None,n/a
2019,Sumatera Selatan,LAHAT,None,n/a
2019,Sumatera Selatan,MUARA ENIM,None,n/a
2019,Sumatera Selatan,MUSI RAWAS,None,n/a
2019,Sumatera Selatan,OGAN KOMERING ULU,None,n/a
2019,Sumatera Utara,ASAHAN,None,n/a
2019,Sumatera Utara,DAIRI,None,n/a
2019,Sumatera Utara,DELI SERDANG,None,n/a
2019,Sumatera Utara,HUMBANG HASUNDUTAN,None,n/a
2019,Sumatera Utara,KOTA PEMATANG SIANTAR,None,n/a
2019,Sumatera Utara,LANGKAT,None,n/a
2019,Sumatera Utara,SAMOSIR,None,n/a
2019,Jawa Timur,KOTA KEDIRI,Ban,2023
2020,Jawa Timur,KOTA KEDIRI,Ban,2023
2021,Jawa Timur,KOTA KEDIRI,Ban,2023
2022,Jawa Timur,KOTA KEDIRI,Ban,2023
2020,Jawa Tengah,KOTA SALATIGA,Fee,2022
2021,Jawa Tengah,KOTA SALATIGA,Fee,2022
2022,Jawa Tengah,KOTA SALATIGA,Ban,2022
2020,Jawa Timur,JOMBANG,Fee,2022
2021,Jawa Timur,JOMBANG,Fee,2022
2022,Jawa Timur,JOMBANG,Ban,2022
2020,Kepulauan Riau,KOTA TANJUNG PINANG,Fee,2022
2021,Kepulauan Riau,KOTA TANJUNG PINANG,Fee,2022
2022,Kepulauan Riau,KOTA TANJUNG PINANG,Ban,2022
2019,Jawa Timur,GRESIK,Ban,2021
2020,Jawa Timur,GRESIK,Ban,2021
2022,Jawa Timur,GRESIK,Ban,2021
2022,Aceh,ACEH BARAT,Fee,2020
2022,Aceh,ACEH BARAT DAYA,Fee,2020
2020,Aceh,ACEH JAYA,Fee,2020
2022,Aceh,ACEH JAYA,Fee,2020
2022,Aceh,ACEH SELATAN,Fee,2020
2022,Aceh,ACEH SINGKIL,Fee,2020
2022,Aceh,ACEH TAMIANG,Fee,2020
2020,Aceh,ACEH TENGAH,Fee,2020
2022,Aceh,ACEH TENGGARA,Fee,2020
2020,Aceh,ACEH TIMUR,Fee,2020
2022,Aceh,ACEH TIMUR,Fee,2020
2020,Aceh,BENER MERIAH,Fee,2020
2022,Aceh,BENER MERIAH,Fee,2020
2021,Aceh,GAYO LUES,Fee,2020
2022,Aceh,GAYO LUES,Fee,2020
2019,Aceh,KOTA BANDA ACEH,Fee,2020
2020,Aceh,KOTA BANDA ACEH,Ban,2020
2021,Aceh,KOTA BANDA ACEH,Ban,2020
2022,Aceh,KOTA BANDA ACEH,Ban,2020
2020,Aceh,KOTA LANGSA,Fee,2020
2021,Aceh,KOTA LANGSA,Fee,2020
2022,Aceh,KOTA LANGSA,Fee,2020
2020,Aceh,KOTA SABANG,Fee,2020
2021,Aceh,KOTA SABANG,Fee,2020
2022,Aceh,KOTA SABANG,Fee,2020
2021,Aceh,KOTA SUBULUSSALAM,Fee,2020
2022,Aceh,KOTA SUBULUSSALAM,Fee,2020
2022,Aceh,NAGAN RAYA,Fee,2020
2022,Aceh,PIDIE,Fee,2020
2022,Aceh,PIDIE JAYA,Fee,2020
2020,Aceh,SIMEULUE,Fee,2020
2022,Aceh,SIMEULUE,Fee,2020
2019,Banten,KOTA CILEGON,Fee,2020
2020,Banten,KOTA CILEGON,Fee,2020
2021,Banten,KOTA CILEGON,Fee,2020
2022,Banten,KOTA CILEGON,Fee,2020
2020,Banten,KOTA SERANG,Fee,2020
2022,Banten,KOTA SERANG,Fee,2020
2019,Banten,KOTA TANGERANG SELATAN,Fee,2020
2020,Banten,KOTA TANGERANG SELATAN,Fee,2020
2021,Banten,KOTA TANGERANG SELATAN,Fee,2020
2022,Banten,KOTA TANGERANG SELATAN,Fee,2020
2019,Banten,LEBAK,Fee,2020
2020,Banten,LEBAK,Ban,2020
2022,Banten,LEBAK,Ban,2020
2019,Banten,PANDEGLANG,Fee,2020
2020,Banten,SERANG,Fee,2020
2021,Banten,SERANG,Fee,2020
2022,Banten,SERANG,Fee,2020
2019,Banten,TANGERANG,Fee,2020
2022,Banten,TANGERANG,Fee,2020
2019,Bengkulu,BENGKULU SELATAN,Fee,2020
2019,Bengkulu,BENGKULU TENGAH,Fee,2020
2020,Bengkulu,BENGKULU TENGAH,Fee,2020
2019,Bengkulu,BENGKULU UTARA,Fee,2020
2022,Bengkulu,BENGKULU UTARA,Fee,2020
2019,Bengkulu,KEPAHIANG,Fee,2020
2020,Bengkulu,KEPAHIANG,Fee,2020
2019,Bengkulu,LEBONG,Fee,2020
2020,Bengkulu,LEBONG,Fee,2020
2022,Bengkulu,LEBONG,Fee,2020
2021,Bengkulu,SELUMA,Fee,2020
2022,Bengkulu,SELUMA,Fee,2020
2020,DKI Jakarta,ADM. KEP. SERIBU,Ban,2020
2021,DKI Jakarta,ADM. KEP. SERIBU,Ban,2020
2022,DKI Jakarta,ADM. KEP. SERIBU,Ban,2020
2020,DKI Jakarta,KOTA ADM. JAKARTA BARAT,Ban,2020
2021,DKI Jakarta,KOTA ADM. JAKARTA BARAT,Ban,2020
2022,DKI Jakarta,KOTA ADM. JAKARTA BARAT,Ban,2020
2020,DKI Jakarta,KOTA ADM. JAKARTA PUSAT,Ban,2020
2021,DKI Jakarta,KOTA ADM. JAKARTA PUSAT,Ban,2020
2022,DKI Jakarta,KOTA ADM. JAKARTA PUSAT,Ban,2020
2019,DKI Jakarta,KOTA ADM. JAKARTA SELATAN,Fee,2020
2020,DKI Jakarta,KOTA ADM. JAKARTA SELATAN,Ban,2020
2021,DKI Jakarta,KOTA ADM. JAKARTA SELATAN,Ban,2020
2022,DKI Jakarta,KOTA ADM. JAKARTA SELATAN,Ban,2020
2019,DKI Jakarta,KOTA ADM. JAKARTA TIMUR,Fee,2020
2020,DKI Jakarta,KOTA ADM. JAKARTA TIMUR,Ban,2020
2021,DKI Jakarta,KOTA ADM. JAKARTA TIMUR,Ban,2020
2022,DKI Jakarta,KOTA ADM. JAKARTA TIMUR,Ban,2020
2019,DKI Jakarta,KOTA ADM. JAKARTA UTARA,Fee,2020
2020,DKI Jakarta,KOTA ADM. JAKARTA UTARA,Ban,2020
2021,DKI Jakarta,KOTA ADM. JAKARTA UTARA,Ban,2020
2022,DKI Jakarta,KOTA ADM. JAKARTA UTARA,Ban,2020
2022,Gorontalo,BONE BOLANGO,Fee,2020
2019,Gorontalo,GORONTALO,Fee,2020
2020,Gorontalo,GORONTALO,Fee,2020
2022,Gorontalo,GORONTALO,Fee,2020
2019,Gorontalo,KOTA GORONTALO,Fee,2020
2021,Gorontalo,KOTA GORONTALO,Fee,2020
2022,Gorontalo,KOTA GORONTALO,Fee,2020
2019,Gorontalo,POHUWATO,Fee,2020
2020,Gorontalo,POHUWATO,Fee,2020
2022,Gorontalo,POHUWATO,Fee,2020
2019,Jambi,BATANGHARI,Fee,2020
2020,Jambi,BATANGHARI,Fee,2020
2019,Jambi,BUNGO,Fee,2020
2020,Jambi,BUNGO,Fee,2020
2021,Jambi,BUNGO,Fee,2020
2022,Jambi,BUNGO,Fee,2020
2019,Jambi,KOTA SUNGAI PENUH,Fee,2020
2020,Jambi,KOTA SUNGAI PENUH,Fee,2020
2022,Jambi,KOTA SUNGAI PENUH,Fee,2020
2019,Jambi,MERANGIN,Fee,2020
2020,Jambi,MERANGIN,Fee,2020
2021,Jambi,MERANGIN,Fee,2020
2022,Jambi,MERANGIN,Fee,2020
2019,Jambi,MUARO JAMBI,Fee,2020
2020,Jambi,MUARO JAMBI,Fee,2020
2019,Jambi,SAROLANGUN,Fee,2020
2020,Jambi,SAROLANGUN,Fee,2020
2022,Jambi,SAROLANGUN,Fee,2020
2020,Jambi,TANJUNG JABUNG BARAT,Fee,2020
2020,Jambi,TEBO,Fee,2020
2020,Jawa Barat,BANDUNG,Fee,2020
2021,Jawa Barat,BANDUNG,Fee,2020
2022,Jawa Barat,BANDUNG,Fee,2020
2020,Jawa Barat,CIREBON,Fee,2020
2021,Jawa Barat,CIREBON,Fee,2020
2021,Jawa Barat,GARUT,Fee,2020
2022,Jawa Barat,GARUT,Fee,2020
2021,Jawa Barat,INDRAMAYU,Ban,2020
2022,Jawa Barat,INDRAMAYU,Ban,2020
2022,Jawa Barat,KARAWANG,Fee,2020
2020,Jawa Barat,KOTA BANJAR,Fee,2020
2022,Jawa Barat,KOTA BANJAR,Fee,2020
2021,Jawa Barat,KOTA CIREBON,Fee,2020
2020,Jawa Barat,KOTA TASIKMALAYA,Fee,2020
2022,Jawa Barat,KOTA TASIKMALAYA,Fee,2020
2022,Jawa Barat,KUNINGAN,Fee,2020
2020,Jawa Barat,PANGANDARAN,Fee,2020
2020,Jawa Barat,SUMEDANG,Fee,2020
2021,Jawa Barat,SUMEDANG,Fee,2020
2022,Jawa Barat,SUMEDANG,Fee,2020
2020,Jawa Tengah,BATANG,Fee,2020
2021,Jawa Tengah,BATANG,Fee,2020
2022,Jawa Tengah,BATANG,Fee,2020
2020,Jawa Tengah,BLORA,Fee,2020
2021,Jawa Tengah,BLORA,Fee,2020
2022,Jawa Tengah,BLORA,Fee,2020
2020,Jawa Tengah,BOYOLALI,Fee,2020
2021,Jawa Tengah,BOYOLALI,Fee,2020
2022,Jawa Tengah,BOYOLALI,Fee,2020
2020,Jawa Tengah,BREBES,Fee,2020
2021,Jawa Tengah,BREBES,Fee,2020
2022,Jawa Tengah,BREBES,Fee,2020
2020,Jawa Tengah,CILACAP,Fee,2020
2021,Jawa Tengah,CILACAP,Fee,2020
2022,Jawa Tengah,CILACAP,Fee,2020
2021,Jawa Tengah,DEMAK,Fee,2020
2022,Jawa Tengah,DEMAK,Fee,2020
2022,Jawa Tengah,GROBOGAN,Fee,2020
2020,Jawa Tengah,JEPARA,Fee,2020
2021,Jawa Tengah,JEPARA,Fee,2020
2022,Jawa Tengah,JEPARA,Fee,2020
2021,Jawa Tengah,KARANGANYAR,Fee,2020
2022,Jawa Tengah,KARANGANYAR,Fee,2020
2022,Jawa Tengah,KEBUMEN,Fee,2020
2020,Jawa Tengah,KENDAL,Fee,2020
2022,Jawa Tengah,KENDAL,Fee,2020
2021,Jawa Tengah,KLATEN,Fee,2020
2022,Jawa Tengah,KLATEN,Fee,2020
2020,Jawa Tengah,KOTA MAGELANG,Fee,2020
2021,Jawa Tengah,KOTA MAGELANG,Fee,2020
2022,Jawa Tengah,KOTA MAGELANG,Fee,2020
2022,Jawa Tengah,KOTA SURAKARTA,Fee,2020
2021,Jawa Tengah,KOTA TEGAL,Fee,2020
2022,Jawa Tengah,KOTA TEGAL,Fee,2020
2019,Jawa Tengah,KUDUS,Ban,2020
2020,Jawa Tengah,KUDUS,Ban,2020
2022,Jawa Tengah,KUDUS,Ban,2020
2020,Jawa Tengah,MAGELANG,Fee,2020
2021,Jawa Tengah,MAGELANG,Fee,2020
2021,Jawa Tengah,PEKALONGAN,Fee,2020
2020,Jawa Tengah,PEMALANG,Fee,2020
2021,Jawa Tengah,PEMALANG,Fee,2020
2022,Jawa Tengah,PEMALANG,Fee,2020
2021,Jawa Tengah,PURBALINGGA,Fee,2020
2022,Jawa Tengah,PURBALINGGA,Fee,2020
2020,Jawa Tengah,PURWOREJO,Fee,2020
2021,Jawa Tengah,PURWOREJO,Fee,2020
2022,Jawa Tengah,PURWOREJO,Fee,2020
2020,Jawa Tengah,REMBANG,Fee,2020
2021,Jawa Tengah,REMBANG,Fee,2020
2022,Jawa Tengah,REMBANG,Fee,2020
2020,Jawa Tengah,SEMARANG,Fee,2020
2021,Jawa Tengah,SEMARANG,Fee,2020
2022,Jawa Tengah,SEMARANG,Fee,2020
2020,Jawa Tengah,SRAGEN,Fee,2020
2021,Jawa Tengah,SRAGEN,Fee,2020
2022,Jawa Tengah,SRAGEN,Fee,2020
2020,Jawa Tengah,SUKOHARJO,Fee,2020
2021,Jawa Tengah,SUKOHARJO,Fee,2020
2022,Jawa Tengah,SUKOHARJO,Fee,2020
2020,Jawa Tengah,TEGAL,Fee,2020
2021,Jawa Tengah,TEGAL,Fee,2020
2022,Jawa Tengah,TEGAL,Fee,2020
2020,Jawa Tengah,TEMANGGUNG,Fee,2020
2021,Jawa Tengah,TEMANGGUNG,Fee,2020
2022,Jawa Tengah,TEMANGGUNG,Fee,2020
2019,Jawa Tengah,WONOGIRI,Ban,2020
2020,Jawa Tengah,WONOGIRI,Ban,2020
2021,Jawa Tengah,WONOGIRI,Ban,2020
2022,Jawa Tengah,WONOGIRI,Ban,2020
2020,Jawa Tengah,WONOSOBO,Fee,2020
2021,Jawa Tengah,WONOSOBO,Fee,2020
2022,Jawa Tengah,WONOSOBO,Fee,2020
2021,Jawa Timur,BANYUWANGI,Fee,2020
2022,Jawa Timur,BANYUWANGI,Fee,2020
2021,Jawa Timur,BOJONEGORO,Fee,2020
2022,Jawa Timur,BOJONEGORO,Fee,2020
2020,Jawa Timur,BONDOWOSO,Fee,2020
2022,Jawa Timur,JEMBER,Fee,2020
2021,Jawa Timur,KEDIRI,Fee,2020
2022,Jawa Timur,KEDIRI,Fee,2020
2020,Jawa Timur,KOTA BLITAR,Fee,2020
2021,Jawa Timur,KOTA BLITAR,Fee,2020
2022,Jawa Timur,KOTA BLITAR,Fee,2020
2019,Jawa Timur,KOTA MADIUN,Fee,2020
2020,Jawa Timur,KOTA MADIUN,Fee,2020
2021,Jawa Timur,KOTA MADIUN,Fee,2020
2022,Jawa Timur,KOTA MADIUN,Fee,2020
2020,Jawa Timur,KOTA MOJOKERTO,Fee,2020
2022,Jawa Timur,KOTA MOJOKERTO,Fee,2020
2020,Jawa Timur,KOTA PASURUAN,Fee,2020
2021,Jawa Timur,KOTA PASURUAN,Fee,2020
2022,Jawa Timur,KOTA PASURUAN,Fee,2020
2021,Jawa Timur,LAMONGAN,Fee,2020
2020,Jawa Timur,MAGETAN,Fee,2020
2021,Jawa Timur,MAGETAN,Fee,2020
2022,Jawa Timur,MAGETAN,Fee,2020
2022,Jawa Timur,MALANG,Fee,2020
2022,Jawa Timur,MOJOKERTO,Fee,2020
2020,Jawa Timur,NGANJUK,Fee,2020
2021,Jawa Timur,NGANJUK,Fee,2020
2022,Jawa Timur,NGANJUK,Fee,2020
2020,Jawa Timur,NGAWI,Fee,2020
2021,Jawa Timur,NGAWI,Fee,2020
2022,Jawa Timur,NGAWI,Fee,2020
2020,Jawa Timur,PACITAN,Fee,2020
2021,Jawa Timur,PACITAN,Fee,2020
2022,Jawa Timur,PACITAN,Fee,2020
2020,Jawa Timur,PONOROGO,Fee,2020
2021,Jawa Timur,PONOROGO,Fee,2020
2022,Jawa Timur,PONOROGO,Fee,2020
2020,Jawa Timur,PROBOLINGGO,Fee,2020
2022,Jawa Timur,SAMPANG,Fee,2020
2020,Jawa Timur,SIDOARJO,Fee,2020
2020,Jawa Timur,SUMENEP,Fee,2020
2021,Jawa Timur,SUMENEP,Fee,2020
2022,Jawa Timur,SUMENEP,Fee,2020
2020,Jawa Timur,TRENGGALEK,Fee,2020
2021,Jawa Timur,TRENGGALEK,Fee,2020
2022,Jawa Timur,TRENGGALEK,Fee,2020
2020,Jawa Timur,TUBAN,Fee,2020
2021,Jawa Timur,TUBAN,Fee,2020
2022,Jawa Timur,TUBAN,Fee,2020
2022,Kalimantan Barat,KAPUAS HULU,Fee,2020
2020,Kalimantan Barat,KETAPANG,Fee,2020
2020,Kalimantan Barat,KOTA SINGKAWANG,Fee,2020
2021,Kalimantan Barat,KOTA SINGKAWANG,Fee,2020
2022,Kalimantan Barat,KOTA SINGKAWANG,Fee,2020
2020,Kalimantan Barat,MELAWI,Fee,2020
2021,Kalimantan Barat,MELAWI,Fee,2020
2020,Kalimantan Barat,MEMPAWAH,Fee,2020
2021,Kalimantan Barat,MEMPAWAH,Fee,2020
2022,Kalimantan Barat,MEMPAWAH,Fee,2020
2020,Kalimantan Barat,SAMBAS,Fee,2020
2021,Kalimantan Barat,SAMBAS,Fee,2020
2022,Kalimantan Barat,SAMBAS,Fee,2020
2020,Kalimantan Barat,SANGGAU,Fee,2020
2021,Kalimantan Barat,SANGGAU,Fee,2020
2022,Kalimantan Barat,SANGGAU,Fee,2020
2020,Kalimantan Selatan,BALANGAN,Fee,2020
2021,Kalimantan Selatan,BALANGAN,Fee,2020
2022,Kalimantan Selatan,BALANGAN,Fee,2020
2020,Kalimantan Selatan,HULU SUNGAI SELATAN,Fee,2020
2021,Kalimantan Selatan,HULU SUNGAI SELATAN,Fee,2020
2022,Kalimantan Selatan,HULU SUNGAI SELATAN,Fee,2020
2020,Kalimantan Selatan,HULU SUNGAI TENGAH,Fee,2020
2021,Kalimantan Selatan,HULU SUNGAI TENGAH,Fee,2020
2022,Kalimantan Selatan,HULU SUNGAI TENGAH,Fee,2020
2021,Kalimantan Selatan,KOTABARU,Fee,2020
2022,Kalimantan Selatan,KOTABARU,Fee,2020
2022,Kalimantan Tengah,BARITO SELATAN,Fee,2020
2020,Kalimantan Tengah,BARITO TIMUR,Fee,2020
2021,Kalimantan Tengah,BARITO TIMUR,Fee,2020
2022,Kalimantan Tengah,BARITO TIMUR,Fee,2020
2020,Kalimantan Tengah,BARITO UTARA,Fee,2020
2021,Kalimantan Tengah,BARITO UTARA,Fee,2020
2022,Kalimantan Tengah,BARITO UTARA,Fee,2020
2021,Kalimantan Tengah,GUNUNG MAS,Fee,2020
2022,Kalimantan Tengah,GUNUNG MAS,Fee,2020
2020,Kalimantan Tengah,KAPUAS,Fee,2020
2021,Kalimantan Tengah,KAPUAS,Fee,2020
2022,Kalimantan Tengah,KAPUAS,Fee,2020
2020,Kalimantan Tengah,KATINGAN,Fee,2020
2020,Kalimantan Tengah,KOTA PALANGKARAYA,Fee,2020
2021,Kalimantan Tengah,KOTA PALANGKARAYA,Fee,2020
2022,Kalimantan Tengah,KOTA PALANGKARAYA,Fee,2020
2020,Kalimantan Tengah,KOTAWARINGIN BARAT,Fee,2020
2020,Kalimantan Tengah,KOTAWARINGIN TIMUR,Fee,2020
2022,Kalimantan Tengah,MURUNG RAYA,Fee,2020
2020,Kalimantan Tengah,PULANG PISAU,Fee,2020
2021,Kalimantan Tengah,PULANG PISAU,Fee,2020
2022,Kalimantan Tengah,PULANG PISAU,Fee,2020
2021,Kalimantan Tengah,SERUYAN,Fee,2020
2022,Kalimantan Tengah,SERUYAN,Fee,2020
2020,Kalimantan Tengah,SUKAMARA,Fee,2020
2022,Kalimantan Timur,KUTAI BARAT,Fee,2020
2020,Kalimantan Timur,KUTAI KARTANEGARA,Fee,2020
2021,Kalimantan Timur,KUTAI KARTANEGARA,Fee,2020
2022,Kalimantan Timur,KUTAI KARTANEGARA,Fee,2020
2021,Kalimantan Timur,KUTAI TIMUR,Fee,2020
2022,Kalimantan Timur,KUTAI TIMUR,Fee,2020
2022,Kalimantan Timur,MAHAKAM ULU,Fee,2020
2020,Kalimantan Timur,PASER,Fee,2020
2021,Kalimantan Timur,PASER,Fee,2020
2022,Kalimantan Timur,PASER,Fee,2020
2020,Kalimantan Timur,PENAJAM PASER UTARA,Fee,2020
2021,Kalimantan Timur,PENAJAM PASER UTARA,Fee,2020
2022,Kalimantan Timur,PENAJAM PASER UTARA,Fee,2020
2021,Kalimantan Utara,TANA TIDUNG,Fee,2020
2022,Kalimantan Utara,TANA TIDUNG,Fee,2020
2020,Kepulauan Bangka Belitung,BANGKA,Fee,2020
2021,Kepulauan Bangka Belitung,BANGKA,Fee,2020
2022,Kepulauan Bangka Belitung,BANGKA,Fee,2020
2020,Kepulauan Bangka Belitung,BANGKA BARAT,Fee,2020
2021,Kepulauan Bangka Belitung,BANGKA SELATAN,Fee,2020
2020,Kepulauan Bangka Belitung,BANGKA TENGAH,Fee,2020
2021,Kepulauan Bangka Belitung,BANGKA TENGAH,Fee,2020
2022,Kepulauan Bangka Belitung,BANGKA TENGAH,Fee,2020
2020,Kepulauan Bangka Belitung,BELITUNG,Fee,2020
2021,Kepulauan Bangka Belitung,BELITUNG,Fee,2020
2022,Kepulauan Bangka Belitung,BELITUNG,Fee,2020
2020,Kepulauan Bangka Belitung,BELITUNG TIMUR,Fee,2020
2022,Kepulauan Bangka Belitung,BELITUNG TIMUR,Fee,2020
2020,Kepulauan Bangka Belitung,KOTA PANGKAL PINANG,Fee,2020
2021,Kepulauan Bangka Belitung,KOTA PANGKAL PINANG,Fee,2020
2020,Kepulauan Riau,BINTAN,Fee,2020
2021,Kepulauan Riau,BINTAN,Fee,2020
2022,Kepulauan Riau,BINTAN,Fee,2020
2020,Kepulauan Riau,KARIMUN,Fee,2020
2021,Kepulauan Riau,KARIMUN,Fee,2020
2022,Kepulauan Riau,KARIMUN,Fee,2020
2020,Kepulauan Riau,KEPULAUAN ANAMBAS,Fee,2020
2022,Kepulauan Riau,KEPULAUAN ANAMBAS,Fee,2020
2020,Kepulauan Riau,KOTA BATAM,Fee,2020
2022,Kepulauan Riau,KOTA BATAM,Fee,2020
2020,Kepulauan Riau,LINGGA,Fee,2020
2022,Kepulauan Riau,LINGGA,Fee,2020
2020,Kepulauan Riau,NATUNA,Fee,2020
2022,Kepulauan Riau,NATUNA,Fee,2020
2020,Lampung,KOTA BANDAR LAMPUNG,Fee,2020
2021,Lampung,KOTA BANDAR LAMPUNG,Fee,2020
2022,Lampung,KOTA BANDAR LAMPUNG,Fee,2020
2020,Lampung,KOTA METRO,Fee,2020
2021,Lampung,KOTA METRO,Fee,2020
2022,Lampung,KOTA METRO,Fee,2020
2020,Lampung,LAMPUNG BARAT,Fee,2020
2021,Lampung,LAMPUNG TENGAH,Fee,2020
2022,Lampung,LAMPUNG TENGAH,Fee,2020
2020,Lampung,PESAWARAN,Fee,2020
2021,Lampung,PRINGSEWU,Fee,2020
2022,Lampung,PRINGSEWU,Fee,2020
2021,Lampung,TANGGAMUS,Fee,2020
2022,Lampung,TANGGAMUS,Fee,2020
2022,Lampung,TULANG BAWANG BARAT,Fee,2020
2020,Lampung,WAY KANAN,Fee,2020
2021,Lampung,WAY KANAN,Fee,2020
2022,Lampung,WAY KANAN,Fee,2020
2020,Maluku,BURU SELATAN,Fee,2020
2021,Maluku,BURU SELATAN,Fee,2020
2022,Maluku,BURU SELATAN,Fee,2020
2021,Maluku,KOTA TUAL,Fee,2020
2021,Maluku,MALUKU TENGAH,Fee,2020
2022,Maluku,MALUKU TENGAH,Fee,2020
2020,Maluku Utara,HALMAHERA UTARA,Fee,2020
2022,Maluku Utara,HALMAHERA UTARA,Fee,2020
2020,Maluku Utara,KOTA TIDORE KEPULAUAN,Fee,2020
2021,Maluku Utara,KOTA TIDORE KEPULAUAN,Fee,2020
2022,Maluku Utara,KOTA TIDORE KEPULAUAN,Fee,2020
2020,Maluku Utara,PULAU MOROTAI,Fee,2020
2022,Nusa Tenggara Barat,BIMA,Fee,2020
2022,Nusa Tenggara Barat,KOTA BIMA,Fee,2020
2021,Nusa Tenggara Barat,KOTA MATARAM,Fee,2020
2022,Nusa Tenggara Barat,KOTA MATARAM,Fee,2020
2022,Nusa Tenggara Barat,LOMBOK BARAT,Fee,2020
2022,Nusa Tenggara Barat,LOMBOK TENGAH,Fee,2020
2020,Nusa Tenggara Barat,LOMBOK TIMUR,Fee,2020
2021,Nusa Tenggara Barat,LOMBOK TIMUR,Fee,2020
2022,Nusa Tenggara Barat,LOMBOK TIMUR,Fee,2020
2020,Nusa Tenggara Barat,LOMBOK UTARA,Fee,2020
2022,Nusa Tenggara Barat,LOMBOK UTARA,Fee,2020
2021,Nusa Tenggara Barat,SUMBAWA,Fee,2020
2022,Nusa Tenggara Barat,SUMBAWA,Fee,2020
2021,Nusa Tenggara Timur,ALOR,Fee,2020
2020,Nusa Tenggara Timur,KOTA KUPANG,Fee,2020
2021,Nusa Tenggara Timur,KOTA KUPANG,Fee,2020
2022,Nusa Tenggara Timur,KOTA KUPANG,Fee,2020
2021,Nusa Tenggara Timur,MANGGARAI BARAT,Fee,2020
2022,Nusa Tenggara Timur,MANGGARAI BARAT,Fee,2020
2020,Nusa Tenggara Timur,SUMBA TENGAH,Fee,2020
2021,Papua,JAYAPURA,Fee,2020
2022,Papua,JAYAPURA,Fee,2020
2020,Papua,KEEROM,Fee,2020
2021,Papua,KEEROM,Fee,2020
2022,Papua,KEPULAUAN YAPEN,Fee,2020
2020,Papua,KOTA JAYAPURA,Ban,2020
2021,Papua,KOTA JAYAPURA,Ban,2020
2022,Papua,KOTA JAYAPURA,Ban,2020
2022,Papua,SARMI,Fee,2020
2022,Papua,WAROPEN,Fee,2020
2022,Papua Barat,KAIMANA,Fee,2020
2018,Papua Barat,MANOKWARI,Fee,2020
2020,Papua Barat,MANOKWARI,Fee,2020
2021,Papua Barat,MANOKWARI,Fee,2020
2022,Papua Barat,MANOKWARI,Fee,2020
2022,Papua Barat,TELUK WONDAMA,Fee,2020
2020,Papua Barat Daya,RAJA AMPAT,Fee,2020
2022,Papua Barat Daya,SORONG,Fee,2020
2020,Papua Barat Daya,SORONG SELATAN,Fee,2020
2021,Papua Barat Daya,SORONG SELATAN,Fee,2020
2021,Papua Barat Daya,TAMBRAUW,Fee,2020
2021,Papua Pegunungan,LANNY JAYA,Fee,2020
2019,Papua Selatan,ASMAT,Ban,2020
2020,Papua Selatan,ASMAT,Ban,2020
2021,Papua Selatan,ASMAT,Ban,2020
2022,Papua Selatan,ASMAT,Ban,2020
2022,Papua Selatan,BOVEN DIGOEL,Fee,2020
2022,Papua Selatan,MERAUKE,Ban,2020
2022,Papua Tengah,MIMIKA,Fee,2020
2021,Papua Tengah,NABIRE,Fee,2020
2021,Sulawesi Barat,MAJENE,Fee,2020
2022,Sulawesi Barat,MAJENE,Fee,2020
2020,Sulawesi Barat,MAMUJU,Fee,2020
2021,Sulawesi Barat,MAMUJU,Fee,2020
2022,Sulawesi Barat,MAMUJU,Fee,2020
2021,Sulawesi Barat,MAMUJU TENGAH,Fee,2020
2022,Sulawesi Barat,MAMUJU TENGAH,Fee,2020
2020,Sulawesi Barat,PASANGKAYU,Fee,2020
2020,Sulawesi Selatan,BANTAENG,Fee,2020
2021,Sulawesi Selatan,BANTAENG,Fee,2020
2022,Sulawesi Selatan,BANTAENG,Fee,2020
2021,Sulawesi Selatan,BARRU,Fee,2020
2022,Sulawesi Selatan,BARRU,Fee,2020
2020,Sulawesi Selatan,BONE,Fee,2020
2021,Sulawesi Selatan,BONE,Fee,2020
2022,Sulawesi Selatan,BONE,Fee,2020
2020,Sulawesi Selatan,BULUKUMBA,Fee,2020
2021,Sulawesi Selatan,BULUKUMBA,Fee,2020
2022,Sulawesi Selatan,BULUKUMBA,Fee,2020
2020,Sulawesi Selatan,ENREKANG,Fee,2020
2021,Sulawesi Selatan,ENREKANG,Fee,2020
2022,Sulawesi Selatan,ENREKANG,Fee,2020
2021,Sulawesi Selatan,JENEPONTO,Fee,2020
2022,Sulawesi Selatan,JENEPONTO,Fee,2020
2020,Sulawesi Selatan,KEPULAUAN SELAYAR,Fee,2020
2021,Sulawesi Selatan,KEPULAUAN SELAYAR,Fee,2020
2022,Sulawesi Selatan,KEPULAUAN SELAYAR,Fee,2020
2020,Sulawesi Selatan,KOTA PALOPO,Fee,2020
2021,Sulawesi Selatan,KOTA PALOPO,Fee,2020
2022,Sulawesi Selatan,KOTA PALOPO,Fee,2020
2020,Sulawesi Selatan,KOTA PAREPARE,Fee,2020
2021,Sulawesi Selatan,KOTA PAREPARE,Fee,2020
2022,Sulawesi Selatan,KOTA PAREPARE,Fee,2020
2020,Sulawesi Selatan,LUWU,Fee,2020
2020,Sulawesi Selatan,LUWU TIMUR,Fee,2020
2021,Sulawesi Selatan,LUWU TIMUR,Fee,2020
2022,Sulawesi Selatan,LUWU TIMUR,Fee,2020
2020,Sulawesi Selatan,LUWU UTARA,Fee,2020
2020,Sulawesi Selatan,MAROS,Fee,2020
2021,Sulawesi Selatan,MAROS,Fee,2020
2022,Sulawesi Selatan,MAROS,Fee,2020
2020,Sulawesi Selatan,PANGKAJENE KEPULAUAN,Fee,2020
2021,Sulawesi Selatan,PANGKAJENE KEPULAUAN,Fee,2020
2022,Sulawesi Selatan,PANGKAJENE KEPULAUAN,Fee,2020
2021,Sulawesi Selatan,PINRANG,Fee,2020
2022,Sulawesi Selatan,PINRANG,Fee,2020
2021,Sulawesi Selatan,SINJAI,Fee,2020
2022,Sulawesi Selatan,SINJAI,Fee,2020
2020,Sulawesi Selatan,SOPPENG,Fee,2020
2021,Sulawesi Selatan,SOPPENG,Fee,2020
2022,Sulawesi Selatan,SOPPENG,Fee,2020
2022,Sulawesi Selatan,TORAJA UTARA,Fee,2020
2020,Sulawesi Tengah,BANGGAI,Fee,2020
2022,Sulawesi Tengah,BANGGAI,Fee,2020
2021,Sulawesi Tengah,BANGGAI LAUT,Fee,2020
2022,Sulawesi Tengah,BANGGAI LAUT,Fee,2020
2020,Sulawesi Tengah,DONGGALA,Fee,2020
2021,Sulawesi Tengah,DONGGALA,Fee,2020
2022,Sulawesi Tengah,DONGGALA,Fee,2020
2020,Sulawesi Tengah,KOTA PALU,Fee,2020
2021,Sulawesi Tengah,KOTA PALU,Fee,2020
2022,Sulawesi Tengah,KOTA PALU,Fee,2020
2022,Sulawesi Tengah,MOROWALI,Fee,2020
2022,Sulawesi Tengah,MOROWALI UTARA,Fee,2020
2021,Sulawesi Tengah,SIGI,Fee,2020
2022,Sulawesi Tengah,SIGI,Fee,2020
2020,Sulawesi Tenggara,BUTON,Fee,2020
2022,Sulawesi Tenggara,BUTON SELATAN,Fee,2020
2020,Sulawesi Tenggara,KOLAKA,Fee,2020
2022,Sulawesi Tenggara,KOLAKA,Fee,2020
2020,Sulawesi Tenggara,KOLAKA UTARA,Fee,2020
2022,Sulawesi Tenggara,KOLAKA UTARA,Fee,2020
2021,Sulawesi Tenggara,WAKATOBI,Fee,2020
2022,Sulawesi Tenggara,WAKATOBI,Fee,2020
2022,Sulawesi Utara,BOLAANG MONGONDOW,Fee,2020
2020,Sulawesi Utara,BOLAANG MONGONDOW SELATAN,Fee,2020
2021,Sulawesi Utara,BOLAANG MONGONDOW SELATAN,Fee,2020
2022,Sulawesi Utara,BOLAANG MONGONDOW SELATAN,Fee,2020
2022,Sulawesi Utara,BOLAANG MONGONDOW TIMUR,Fee,2020
2021,Sulawesi Utara,BOLAANG MONGONDOW UTARA,Fee,2020
2022,Sulawesi Utara,BOLAANG MONGONDOW UTARA,Fee,2020
2020,Sulawesi Utara,KEP. SIAU TAGULANDANG BIARO,Fee,2020
2022,Sulawesi Utara,KEP. SIAU TAGULANDANG BIARO,Fee,2020
2020,Sulawesi Utara,KEPULAUAN SANGIHE,Fee,2020
2021,Sulawesi Utara,KEPULAUAN SANGIHE,Fee,2020
2022,Sulawesi Utara,KEPULAUAN SANGIHE,Fee,2020
2020,Sulawesi Utara,KOTA KOTAMOBAGU,Fee,2020
2021,Sulawesi Utara,KOTA KOTAMOBAGU,Fee,2020
2022,Sulawesi Utara,KOTA KOTAMOBAGU,Fee,2020
2021,Sulawesi Utara,KOTA MANADO,Fee,2020
2022,Sulawesi Utara,KOTA MANADO,Fee,2020
2020,Sulawesi Utara,KOTA TOMOHON,Fee,2020
2021,Sulawesi Utara,KOTA TOMOHON,Fee,2020
2022,Sulawesi Utara,KOTA TOMOHON,Fee,2020
2020,Sulawesi Utara,MINAHASA,Fee,2020
2022,Sulawesi Utara,MINAHASA,Fee,2020
2020,Sulawesi Utara,MINAHASA SELATAN,Fee,2020
2021,Sulawesi Utara,MINAHASA SELATAN,Fee,2020
2022,Sulawesi Utara,MINAHASA SELATAN,Fee,2020
2020,Sulawesi Utara,MINAHASA TENGGARA,Fee,2020
2021,Sulawesi Utara,MINAHASA TENGGARA,Fee,2020
2022,Sulawesi Utara,MINAHASA TENGGARA,Fee,2020
2020,Sulawesi Utara,MINAHASA UTARA,Fee,2020
2022,Sulawesi Utara,MINAHASA UTARA,Fee,2020
2020,Sumatera Barat,AGAM,Fee,2020
2021,Sumatera Barat,AGAM,Fee,2020
2022,Sumatera Barat,AGAM,Fee,2020
2020,Sumatera Barat,DHARMASRAYA,Fee,2020
2021,Sumatera Barat,DHARMASRAYA,Fee,2020
2022,Sumatera Barat,DHARMASRAYA,Fee,2020
2020,Sumatera Barat,KOTA PADANG PANJANG,Fee,2020
2021,Sumatera Barat,KOTA PADANG PANJANG,Fee,2020
2022,Sumatera Barat,KOTA PADANG PANJANG,Fee,2020
2022,Sumatera Barat,KOTA PARIAMAN,Fee,2020
2020,Sumatera Barat,KOTA PAYAKUMBUH,Fee,2020
2021,Sumatera Barat,KOTA PAYAKUMBUH,Fee,2020
2022,Sumatera Barat,KOTA PAYAKUMBUH,Fee,2020
2020,Sumatera Barat,KOTA SAWAHLUNTO,Fee,2020
2021,Sumatera Barat,KOTA SAWAHLUNTO,Fee,2020
2022,Sumatera Barat,KOTA SAWAHLUNTO,Fee,2020
2020,Sumatera Barat,LIMA PULUH KOTA,Fee,2020
2021,Sumatera Barat,LIMA PULUH KOTA,Fee,2020
2022,Sumatera Barat,LIMA PULUH KOTA,Fee,2020
2022,Sumatera Barat,PADANG PARIAMAN,Fee,2020
2021,Sumatera Barat,PASAMAN,Fee,2020
2022,Sumatera Barat,PASAMAN,Fee,2020
2020,Sumatera Barat,PASAMAN BARAT,Fee,2020
2022,Sumatera Barat,PASAMAN BARAT,Fee,2020
2020,Sumatera Barat,PESISIR SELATAN,Fee,2020
2021,Sumatera Barat,PESISIR SELATAN,Fee,2020
2022,Sumatera Barat,PESISIR SELATAN,Fee,2020
2020,Sumatera Barat,SIJUNJUNG,Fee,2020
2022,Sumatera Barat,SIJUNJUNG,Fee,2020
2022,Sumatera Barat,SOLOK,Fee,2020
2021,Sumatera Barat,SOLOK SELATAN,Fee,2020
2022,Sumatera Barat,SOLOK SELATAN,Fee,2020
2020,Sumatera Barat,TANAH DATAR,Ban,2020
2021,Sumatera Barat,TANAH DATAR,Ban,2020
2022,Sumatera Barat,TANAH DATAR,Ban,2020
2020,Sumatera Selatan,BANYUASIN,Fee,2020
2022,Sumatera Selatan,BANYUASIN,Fee,2020
2020,Sumatera Selatan,EMPAT LAWANG,Fee,2020
2021,Sumatera Selatan,LAHAT,Fee,2020
2022,Sumatera Selatan,LAHAT,Fee,2020
2020,Sumatera Selatan,MUARA ENIM,Fee,2020
2021,Sumatera Selatan,MUARA ENIM,Fee,2020
2022,Sumatera Selatan,MUARA ENIM,Fee,2020
2022,Sumatera Selatan,MUSI BANYUASIN,Fee,2020
2020,Sumatera Selatan,MUSI RAWAS,Fee,2020
2022,Sumatera Selatan,MUSI RAWAS,Fee,2020
2020,Sumatera Selatan,OGAN ILIR,Fee,2020
2020,Sumatera Selatan,OGAN KOMERING ULU,Fee,2020
2022,Sumatera Selatan,OGAN KOMERING ULU,Fee,2020
2020,Sumatera Selatan,OGAN KOMERING ULU TIMUR,Fee,2020
2021,Sumatera Selatan,OGAN KOMERING ULU TIMUR,Fee,2020
2022,Sumatera Selatan,OGAN KOMERING ULU TIMUR,Fee,2020
2022,Sumatera Selatan,PENUKAL ABAB LEMATANG ILIR,Fee,2020
2020,Sumatera Utara,ASAHAN,Fee,2020
2021,Sumatera Utara,ASAHAN,Fee,2020
2022,Sumatera Utara,ASAHAN,Fee,2020
2020,Sumatera Utara,DAIRI,Fee,2020
2020,Sumatera Utara,DELI SERDANG,Fee,2020
2021,Sumatera Utara,DELI SERDANG,Fee,2020
2022,Sumatera Utara,DELI SERDANG,Fee,2020
2020,Sumatera Utara,HUMBANG HASUNDUTAN,Fee,2020
2022,Sumatera Utara,HUMBANG HASUNDUTAN,Fee,2020
2021,Sumatera Utara,KARO,Fee,2020
2022,Sumatera Utara,KOTA PADANGSIDIMPUAN,Fee,2020
2021,Sumatera Utara,KOTA PEMATANG SIANTAR,Fee,2020
2022,Sumatera Utara,KOTA PEMATANG SIANTAR,Fee,2020
2020,Sumatera Utara,KOTA SIBOLGA,Fee,2020
2020,Sumatera Utara,LANGKAT,Fee,2020
2021,Sumatera Utara,LANGKAT,Fee,2020
2022,Sumatera Utara,LANGKAT,Fee,2020
2022,Sumatera Utara,NIAS,Fee,2020
2020,Sumatera Utara,SAMOSIR,Fee,2020
2021,Sumatera Utara,SIMALUNGUN,Fee,2020
2022,Sumatera Utara,SIMALUNGUN,Fee,2020
2021,Sumatera Utara,TAPANULI TENGAH,Fee,2020
2022,Sumatera Utara,TAPANULI TENGAH,Fee,2020
2021,Sumatera Utara,TAPANULI UTARA,Fee,2020
2021,Sumatera Utara,TOBA,Fee,2020
2022,Sumatera Utara,TOBA,Fee,2020
2019,Bali,BANGLI,Ban,2019
2020,Bali,BANGLI,Ban,2019
2021,Bali,BANGLI,Ban,2019
2022,Bali,BANGLI,Ban,2019
2019,Bali,BULELENG,Ban,2019
2020,Bali,BULELENG,Ban,2019
2021,Bali,BULELENG,Ban,2019
2022,Bali,BULELENG,Ban,2019
2019,Bali,GIANYAR,Ban,2019
2020,Bali,GIANYAR,Ban,2019
2021,Bali,GIANYAR,Ban,2019
2022,Bali,GIANYAR,Ban,2019
2019,Bali,JEMBRANA,Ban,2019
2020,Bali,JEMBRANA,Ban,2019
2021,Bali,JEMBRANA,Ban,2019
2022,Bali,JEMBRANA,Ban,2019
2019,Bali,KARANGASEM,Ban,2019
2020,Bali,KARANGASEM,Ban,2019
2022,Bali,KARANGASEM,Ban,2019
2022,Bali,KLUNGKUNG,Ban,2019
2019,Bali,KOTA DENPASAR,Ban,2019
2020,Bali,KOTA DENPASAR,Ban,2019
2021,Bali,KOTA DENPASAR,Ban,2019
2022,Bali,KOTA DENPASAR,Ban,2019
2020,Bali,TABANAN,Ban,2019
2021,Bali,TABANAN,Ban,2019
2019,Banten,KOTA TANGERANG,Ban,2019
2022,Banten,KOTA TANGERANG,Ban,2019
2019,D.I. Yogyakarta,BANTUL,Ban,2019
2020,D.I. Yogyakarta,BANTUL,Ban,2019
2019,D.I. Yogyakarta,GUNUNGKIDUL,Ban,2019
2020,D.I. Yogyakarta,GUNUNGKIDUL,Ban,2019
2022,D.I. Yogyakarta,GUNUNGKIDUL,Ban,2019
2019,D.I. Yogyakarta,KOTA YOGYAKARTA,Ban,2019
2020,D.I. Yogyakarta,KOTA YOGYAKARTA,Ban,2019
2021,D.I. Yogyakarta,KOTA YOGYAKARTA,Ban,2019
2022,D.I. Yogyakarta,KOTA YOGYAKARTA,Ban,2019
2019,D.I. Yogyakarta,KULON PROGO,Ban,2019
2020,D.I. Yogyakarta,KULON PROGO,Ban,2019
2021,D.I. Yogyakarta,KULON PROGO,Ban,2019
2022,D.I. Yogyakarta,KULON PROGO,Ban,2019
2019,D.I. Yogyakarta,SLEMAN,Ban,2019
2020,D.I. Yogyakarta,SLEMAN,Ban,2019
2021,D.I. Yogyakarta,SLEMAN,Ban,2019
2019,Jawa Barat,BEKASI,Ban,2019
2020,Jawa Barat,BEKASI,Ban,2019
2022,Jawa Barat,BEKASI,Ban,2019
2019,Jawa Barat,CIAMIS,Ban,2019
2020,Jawa Barat,CIAMIS,Ban,2019
2021,Jawa Barat,CIAMIS,Ban,2019
2022,Jawa Barat,CIAMIS,Ban,2019
2020,Jawa Barat,KOTA BANDUNG,Ban,2019
2021,Jawa Barat,KOTA BANDUNG,Ban,2019
2022,Jawa Barat,KOTA BANDUNG,Ban,2019
2019,Jawa Barat,KOTA CIMAHI,Ban,2019
2020,Jawa Barat,KOTA CIMAHI,Ban,2019
2021,Jawa Barat,KOTA CIMAHI,Ban,2019
2022,Jawa Barat,KOTA CIMAHI,Ban,2019
2019,Jawa Barat,KOTA DEPOK,Ban,2019
2020,Jawa Barat,KOTA DEPOK,Ban,2019
2021,Jawa Barat,KOTA DEPOK,Ban,2019
2019,Jawa Barat,KOTA SUKABUMI,Ban,2019
2020,Jawa Barat,KOTA SUKABUMI,Ban,2019
2021,Jawa Barat,KOTA SUKABUMI,Ban,2019
2022,Jawa Barat,KOTA SUKABUMI,Ban,2019
2019,Jawa Barat,SUKABUMI,Ban,2019
2021,Jawa Tengah,BANYUMAS,Ban,2019
2022,Jawa Tengah,BANYUMAS,Ban,2019
2019,Jawa Tengah,KOTA SEMARANG,Ban,2019
2020,Jawa Tengah,KOTA SEMARANG,Ban,2019
2021,Jawa Tengah,KOTA SEMARANG,Ban,2019
2022,Jawa Tengah,KOTA SEMARANG,Ban,2019
2019,Jawa Tengah,PATI,Ban,2019
2020,Jawa Tengah,PATI,Ban,2019
2021,Jawa Tengah,PATI,Ban,2019
2019,Jawa Timur,BLITAR,Ban,2019
2020,Jawa Timur,BLITAR,Ban,2019
2021,Jawa Timur,BLITAR,Ban,2019
2019,Jawa Timur,KOTA BATU,Ban,2019
2021,Jawa Timur,KOTA BATU,Ban,2019
2022,Jawa Timur,KOTA BATU,Ban,2019
2019,Jawa Timur,KOTA MALANG,Ban,2019
2020,Jawa Timur,KOTA MALANG,Ban,2019
2021,Jawa Timur,KOTA MALANG,Ban,2019
2022,Jawa Timur,KOTA MALANG,Ban,2019
2019,Jawa Timur,KOTA PROBOLINGGO,Ban,2019
2020,Jawa Timur,KOTA PROBOLINGGO,Ban,2019
2021,Jawa Timur,KOTA PROBOLINGGO,Ban,2019
2022,Jawa Timur,KOTA PROBOLINGGO,Ban,2019
2019,Jawa Timur,KOTA SURABAYA,Ban,2019
2020,Jawa Timur,KOTA SURABAYA,Ban,2019
2021,Jawa Timur,KOTA SURABAYA,Ban,2019
2022,Jawa Timur,KOTA SURABAYA,Ban,2019
2019,Jawa Timur,LUMAJANG,Ban,2019
2020,Jawa Timur,LUMAJANG,Ban,2019
2021,Jawa Timur,LUMAJANG,Ban,2019
2022,Jawa Timur,LUMAJANG,Ban,2019
2019,Jawa Timur,PAMEKASAN,Ban,2019
2020,Jawa Timur,PAMEKASAN,Ban,2019
2021,Jawa Timur,PAMEKASAN,Ban,2019
2022,Jawa Timur,PAMEKASAN,Ban,2019
2019,Jawa Timur,SITUBONDO,Ban,2019
2020,Jawa Timur,SITUBONDO,Ban,2019
2021,Jawa Timur,SITUBONDO,Ban,2019
2022,Jawa Timur,SITUBONDO,Ban,2019
2019,Jawa Timur,TULUNGAGUNG,Ban,2019
2022,Jawa Timur,TULUNGAGUNG,Ban,2019
2019,Kalimantan Barat,KOTA PONTIANAK,Ban,2019
2020,Kalimantan Barat,KOTA PONTIANAK,Ban,2019
2021,Kalimantan Barat,KOTA PONTIANAK,Ban,2019
2022,Kalimantan Barat,KOTA PONTIANAK,Ban,2019
2019,Kalimantan Selatan,HULU SUNGAI UTARA,Ban,2019
2020,Kalimantan Selatan,HULU SUNGAI UTARA,Ban,2019
2021,Kalimantan Selatan,HULU SUNGAI UTARA,Ban,2019
2019,Kalimantan Selatan,TANAH BUMBU,Ban,2019
2021,Kalimantan Selatan,TANAH BUMBU,Ban,2019
2022,Kalimantan Selatan,TANAH BUMBU,Ban,2019
2019,Kalimantan Selatan,TAPIN,Ban,2019
2020,Kalimantan Selatan,TAPIN,Ban,2019
2021,Kalimantan Selatan,TAPIN,Ban,2019
2022,Kalimantan Selatan,TAPIN,Ban,2019
2019,Kalimantan Timur,BERAU,Ban,2019
2022,Kalimantan Timur,BERAU,Ban,2019
2019,Kalimantan Timur,KOTA SAMARINDA,Ban,2019
2020,Kalimantan Timur,KOTA SAMARINDA,Ban,2019
2021,Kalimantan Timur,KOTA SAMARINDA,Ban,2019
2022,Kalimantan Timur,KOTA SAMARINDA,Ban,2019
2019,Kalimantan Utara,KOTA TARAKAN,Ban,2019
2020,Kalimantan Utara,KOTA TARAKAN,Ban,2019
2019,Kalimantan Utara,NUNUKAN,Ban,2019
2020,Kalimantan Utara,NUNUKAN,Ban,2019
2021,Kalimantan Utara,NUNUKAN,Ban,2019
2022,Kalimantan Utara,NUNUKAN,Ban,2019
2019,Maluku,KOTA AMBON,Ban,2019
2020,Maluku,KOTA AMBON,Ban,2019
2019,Papua,BIAK NUMFOR,Ban,2019
2020,Papua,BIAK NUMFOR,Ban,2019
2021,Papua,BIAK NUMFOR,Ban,2019
2022,Papua,BIAK NUMFOR,Ban,2019
2022,Riau,BENGKALIS,Ban,2019
2020,Riau,INDRAGIRI HILIR,Ban,2019
2021,Riau,INDRAGIRI HILIR,Ban,2019
2022,Riau,INDRAGIRI HULU,Ban,2019
2019,Riau,KAMPAR,Ban,2019
2020,Riau,KAMPAR,Ban,2019
2020,Riau,KOTA DUMAI,Ban,2019
2021,Riau,KOTA DUMAI,Ban,2019
2022,Riau,KOTA DUMAI,Ban,2019
2019,Riau,KOTA PEKANBARU,Ban,2019
2020,Riau,KOTA PEKANBARU,Ban,2019
2021,Riau,KOTA PEKANBARU,Ban,2019
2022,Riau,KOTA PEKANBARU,Ban,2019
2020,Riau,KUANTAN SINGINGI,Ban,2019
2022,Riau,KUANTAN SINGINGI,Ban,2019
2019,Riau,PELALAWAN,Ban,2019
2020,Riau,PELALAWAN,Ban,2019
2019,Riau,ROKAN HILIR,Ban,2019
2022,Riau,ROKAN HULU,Ban,2019
2019,Riau,SIAK,Ban,2019
2020,Riau,SIAK,Ban,2019
2021,Riau,SIAK,Ban,2019
2022,Riau,SIAK,Ban,2019
2019,Sulawesi Barat,POLEWALI MANDAR,Ban,2019
2020,Sulawesi Barat,POLEWALI MANDAR,Ban,2019
2020,Sulawesi Selatan,KOTA MAKASSAR,Ban,2019
2021,Sulawesi Selatan,KOTA MAKASSAR,Ban,2019
2019,Sulawesi Selatan,SIDENRENG RAPPANG,Ban,2019
2020,Sulawesi Selatan,SIDENRENG RAPPANG,Ban,2019
2021,Sulawesi Selatan,SIDENRENG RAPPANG,Ban,2019
2022,Sulawesi Selatan,SIDENRENG RAPPANG,Ban,2019
2019,Sulawesi Selatan,WAJO,Ban,2019
2020,Sulawesi Selatan,WAJO,Ban,2019
2021,Sulawesi Selatan,WAJO,Ban,2019
2022,Sulawesi Selatan,WAJO,Ban,2019
2019,Sulawesi Tengah,PARIGI MOUTONG,Ban,2019
2020,Sulawesi Tengah,PARIGI MOUTONG,Ban,2019
2021,Sulawesi Tengah,PARIGI MOUTONG,Ban,2019
2022,Sulawesi Tengah,PARIGI MOUTONG,Ban,2019
2021,Sulawesi Tenggara,KOTA KENDARI,Ban,2019
2022,Sulawesi Tenggara,KOTA KENDARI,Ban,2019
2019,Sumatera Barat,KOTA SOLOK,Ban,2019
2020,Sumatera Barat,KOTA SOLOK,Ban,2019
2021,Sumatera Barat,KOTA SOLOK,Ban,2019
2022,Sumatera Barat,KOTA SOLOK,Ban,2019
2019,Sumatera Selatan,KOTA PALEMBANG,Ban,2019
2020,Sumatera Selatan,KOTA PALEMBANG,Ban,2019
2021,Sumatera Selatan,KOTA PALEMBANG,Ban,2019
2022,Sumatera Selatan,KOTA PALEMBANG,Ban,2019
2019,Sumatera Selatan,KOTA PRABUMULIH,Ban,2019
2020,Sumatera Selatan,KOTA PRABUMULIH,Ban,2019
2021,Sumatera Selatan,KOTA PRABUMULIH,Ban,2019
2022,Sumatera Selatan,KOTA PRABUMULIH,Ban,2019
2019,Sumatera Selatan,MUSI BANYUASIN,Ban,2019
2020,Sumatera Selatan,MUSI BANYUASIN,Ban,2019
2021,Sumatera Selatan,MUSI BANYUASIN,Ban,2019
2019,Sumatera Utara,KOTA MEDAN,Ban,2019
2020,Sumatera Utara,KOTA MEDAN,Ban,2019
2021,Sumatera Utara,KOTA MEDAN,Ban,2019
2022,Sumatera Utara,KOTA MEDAN,Ban,2019
2019,Bali,BADUNG,Ban,2018
2020,Bali,BADUNG,Ban,2018
2021,Bali,BADUNG,Ban,2018
2022,Bali,BADUNG,Ban,2018
2019,Jambi,KOTA JAMBI,Ban,2018
2021,Jambi,KOTA JAMBI,Ban,2018
2022,Jambi,KOTA JAMBI,Ban,2018
2021,Jawa Barat,KOTA BEKASI,Ban,2018
2022,Jawa Barat,KOTA BEKASI,Ban,2018
2019,Jawa Barat,KOTA BOGOR,Ban,2018
2020,Jawa Barat,KOTA BOGOR,Ban,2018
2021,Jawa Barat,KOTA BOGOR,Ban,2018
2022,Jawa Barat,KOTA BOGOR,Ban,2018
2019,Kalimantan Selatan,BARITO KUALA,Ban,2018
2020,Kalimantan Selatan,BARITO KUALA,Ban,2018
2021,Kalimantan Selatan,BARITO KUALA,Ban,2018
2022,Kalimantan Selatan,BARITO KUALA,Ban,2018
2020,Kalimantan Selatan,TABALONG,Ban,2018
2021,Kalimantan Selatan,TABALONG,Ban,2018
2022,Kalimantan Selatan,TABALONG,Ban,2018
2019,Kalimantan Selatan,TANAH LAUT,Ban,2018
2021,Kalimantan Selatan,TANAH LAUT,Ban,2018
2022,Kalimantan Selatan,TANAH LAUT,Ban,2018
2019,Kalimantan Timur,KOTA BALIKPAPAN,Ban,2018
2020,Kalimantan Timur,KOTA BALIKPAPAN,Ban,2018
2021,Kalimantan Timur,KOTA BALIKPAPAN,Ban,2018
2022,Kalimantan Timur,KOTA BALIKPAPAN,Ban,2018
2019,Kalimantan Timur,KOTA BONTANG,Ban,2018
2020,Kalimantan Timur,KOTA BONTANG,Ban,2018
2021,Kalimantan Timur,KOTA BONTANG,Ban,2018
2022,Kalimantan Timur,KOTA BONTANG,Ban,2018
2022,Sulawesi Tenggara,KOTA BAU BAU,Ban,2018
2019,Sulawesi Utara,KOTA BITUNG,Ban,2018
2020,Sulawesi Utara,KOTA BITUNG,Ban,2018
2021,Sulawesi Utara,KOTA BITUNG,Ban,2018
2022,Sulawesi Utara,KOTA BITUNG,Ban,2018
2019,Sumatera Barat,KOTA BUKITTINGGI,Ban,2018
2020,Sumatera Barat,KOTA BUKITTINGGI,Ban,2018
2022,Sumatera Barat,KOTA BUKITTINGGI,Ban,2018
2019,Sumatera Barat,KOTA PADANG,Ban,2018
2020,Sumatera Barat,KOTA PADANG,Ban,2018
2021,Sumatera Barat,KOTA PADANG,Ban,2018
2022,Sumatera Barat,KOTA PADANG,Ban,2018
2019,Sumatera Utara,KOTA TEBING TINGGI,Ban,2018
2020,Sumatera Utara,KOTA TEBING TINGGI,Ban,2018
2021,Sumatera Utara,KOTA TEBING TINGGI,Ban,2018
2022,Sumatera Utara,KOTA TEBING TINGGI,Ban,2018
2021,Kalimantan Selatan,BANJAR,Ban,2016
2022,Kalimantan Selatan,BANJAR,Ban,2016
2019,Kalimantan Selatan,KOTA BANJARBARU,Ban,2016
2020,Kalimantan Selatan,KOTA BANJARBARU,Ban,2016
2021,Kalimantan Selatan,KOTA BANJARBARU,Ban,2016
2022,Kalimantan Selatan,KOTA BANJARBARU,Ban,2016
2019,Kalimantan Selatan,KOTA BANJARMASIN,Ban,2016
2020,Kalimantan Selatan,KOTA BANJARMASIN,Ban,2016
2021,Kalimantan Selatan,KOTA BANJARMASIN,Ban,2016