Year,Province,Town,Food (%),Wood (%),Paper-cartons (%),Plastic (%),Metal(%),Kain(%),Karet- Kulit (%),Kaca(%),Lainnya(%),,https://sipsn.menlhk.go.id/sipsn/public/data/komposisi
2022,Aceh,Kab. Aceh Selatan,,,,,,,,,,,
2022,Aceh,Kab. Aceh Tenggara,41.00,11.00,2.00,18.00,2.00,5.00,17.00,4.00,,,
2022,Aceh,Kab. Aceh Timur,37.00,14.00,5.00,26.00,5.00,3.00,2.00,4.00,4.00,,
2022,Aceh,Kab. Aceh Barat,41.80,13.30,10.70,18.20,3.10,2.60,1.80,2.00,6.50,,
2022,Aceh,Kab. Pidie,8.50,7.50,19.30,35.70,4.00,1.00,3.00,2.00,19.00,,
2022,Aceh,Kab. Simeulue,5.18,13.05,11.93,35.73,16.88,6.65,5.55,2.03,3.00,,
2022,Aceh,Kab. Aceh Singkil,30.00,10.00,15.00,22.00,2.00,5.00,3.00,2.00,11.00,,
2022,Aceh,Kab. Aceh Barat Daya,32.50,11.00,20.00,12.00,11.00,1.50,3.00,4.00,5.00,,
2022,Aceh,Kab. Gayo Lues,35.00,23.00,5.00,25.00,,,,2.00,10.00,,
2022,Aceh,Kab. Aceh Jaya,65.00,1.00,11.00,14.00,3.50,1.00,1.00,2.50,1.00,,
2022,Aceh,Kab. Nagan Raya,38.00,14.00,11.00,20.00,1.00,1.00,2.00,1.00,12.00,,
2022,Aceh,Kab. Aceh Tamiang,35.00,15.00,15.00,30.00,1.00,1.00,1.00,1.00,1.00,,
2022,Aceh,Kab. Bener Meriah,21.00,25.00,19.00,18.00,3.00,3.00,3.00,3.00,5.00,,
2022,Aceh,Kab. Pidie Jaya,19.00,26.30,13.00,26.00,2.50,3.50,3.70,3.50,2.50,,
2022,Aceh,Kota Banda Aceh,32.40,20.60,3.00,4.80,4.60,6.80,13.20,4.75,9.85,,
2022,Aceh,Kota Sabang,26.50,16.60,10.50,22.60,6.10,4.30,4.30,3.70,5.40,,
2022,Aceh,Kota Langsa,19.00,20.00,8.00,12.00,14.00,10.00,7.00,8.00,2.00,,
2022,Aceh,Kota Subulussalam,28.00,15.00,10.00,18.00,2.00,7.00,8.00,2.00,10.00,,
2021,Aceh,Kab. Gayo Lues,40.00,14.00,12.00,17.00,3.00,3.00,2.00,2.00,7.00,,
2021,Aceh,Kota Banda Aceh,30.40,17.30,11.10,16.60,1.00,3.50,3.00,3.00,14.10,,
2021,Aceh,Kota Sabang,26.50,16.60,10.50,22.60,6.10,4.30,4.30,3.70,5.40,,
2021,Aceh,Kota Langsa,18.00,21.00,9.00,10.00,14.00,10.00,7.00,7.00,4.00,,
2021,Aceh,Kota Subulussalam,30.00,10.00,15.00,15.00,2.00,8.00,3.00,2.00,15.00,,
2020,Aceh,Kab. Aceh Timur,37.00,14.00,5.00,26.00,5.00,3.00,2.00,4.00,4.00,,
2020,Aceh,Kab. Aceh Tengah,22.00,18.00,7.00,26.00,3.00,11.00,5.00,5.00,3.00,,
2020,Aceh,Kab. Simeulue,5.18,13.05,11.93,35.73,16.88,6.65,5.55,2.03,3.00,,
2020,Aceh,Kab. Aceh Jaya,,,,,,,,,,,
2020,Aceh,Kab. Bener Meriah,20.00,20.00,10.00,15.00,5.00,10.00,5.00,5.00,10.00,,
2020,Aceh,Kota Banda Aceh,35.20,11.50,3.00,6.80,4.50,7.50,9.30,4.50,17.70,,
2020,Aceh,Kota Sabang,,,,,,,,,,,
2020,Aceh,Kota Langsa,18.00,21.00,4.00,8.00,13.00,10.00,7.00,8.00,11.00,,
2019,Aceh,Kab. Aceh Selatan,,,,,,,,,,,
2019,Aceh,Kab. Aceh Tengah,20.00,20.00,10.00,25.00,5.00,10.00,5.00,3.00,2.00,,
2019,Aceh,Kab. Simeulue,5.75,14.50,13.25,35.25,18.75,3.50,3.75,2.25,3.00,,
2019,Aceh,Kab. Gayo Lues,40.00,14.00,12.00,17.00,3.00,3.00,2.00,2.00,7.00,,
2019,Aceh,Kab. Bener Meriah,,,,,,,,,,,
2019,Aceh,Kota Banda Aceh,35.20,11.50,3.00,6.80,4.50,7.50,9.30,4.50,17.70,,
2019,Aceh,Kota Sabang,,,,,,,,,,,
2019,Aceh,Kota Langsa,17.00,20.00,7.00,7.00,12.00,6.00,8.00,5.00,7.00,,
2022,Bali,Kab. Jembrana,27.37,47.94,0.84,19.04,0.71,0.03,3.13,0.61,0.33,,
2022,Bali,Kab. Badung,16.00,33.90,11.10,28.40,2.60,2.10,0.67,0.90,4.33,,
2022,Bali,Kab. Gianyar,,,,,,,,,,,
2022,Bali,Kab. Klungkung,29.00,41.00,4.00,14.00,1.00,,7.00,,4.00,,
2022,Bali,Kab. Bangli,13.00,69.00,1.80,5.50,3.40,0.01,1.03,3.20,3.06,,
2022,Bali,Kab. Karangasem,59.00,10.00,18.00,8.00,1.00,1.00,1.00,1.00,1.00,,
2022,Bali,Kab. Buleleng,4.00,68.41,6.69,14.69,0.23,1.79,0.52,0.77,2.90,,
2022,Bali,Kota Denpasar,6.57,69.85,6.34,8.21,1.52,0.47,0.55,1.12,5.37,,
2021,Bali,Kab. Jembrana,11.22,30.88,11.10,22.10,2.10,7.00,7.00,2.70,5.90,,
2021,Bali,Kab. Tabanan,5.00,39.00,37.00,42.00,,,,,,,
2021,Bali,Kab. Badung,16.00,33.90,11.10,28.40,2.60,2.10,0.67,0.90,4.33,,
2021,Bali,Kab. Gianyar,,58.73,10.89,17.08,3.15,0.76,0.74,,8.65,,
2021,Bali,Kab. Bangli,12.00,70.00,2.00,3.80,1.50,0.40,0.50,0.80,9.00,,
2021,Bali,Kab. Buleleng,2.99,62.57,5.63,10.18,2.82,5.33,4.55,3.33,2.60,,
2021,Bali,Kota Denpasar,29.30,33.90,6.90,13.70,0.80,0.70,0.30,2.10,12.30,,
2020,Bali,Kab. Jembrana,11.22,30.88,11.10,22.10,2.10,7.00,7.00,2.70,5.90,,
2020,Bali,Kab. Tabanan,5.00,39.00,37.00,42.00,,,,2.00,,,
2020,Bali,Kab. Badung,16.00,33.90,5.96,27.61,2.63,2.16,0.67,0.99,10.08,,
2020,Bali,Kab. Gianyar,,58.73,10.89,17.08,3.15,0.76,0.74,,8.65,,
2020,Bali,Kab. Bangli,15.00,67.00,2.00,3.11,11.00,0.09,0.50,1.20,0.10,,
2020,Bali,Kab. Karangasem,,,,,,,,,,,
2020,Bali,Kab. Buleleng,2.99,62.57,5.63,10.18,2.82,5.33,4.55,3.33,2.60,,
2020,Bali,Kota Denpasar,70.00,6.00,2.00,15.00,,1.00,1.00,,5.00,,
2019,Bali,Kab. Jembrana,11.22,30.88,11.10,22.10,2.10,7.00,7.00,2.70,5.90,,
2019,Bali,Kab. Badung,0.30,51.80,1.60,,,,,,46.30,,
2019,Bali,Kab. Gianyar,35.20,23.40,10.89,17.01,3.50,0.70,0.70,0.40,8.20,,
2019,Bali,Kab. Bangli,12.00,70.00,2.00,4.00,1.00,1.00,0.50,0.50,9.00,,
2019,Bali,Kab. Karangasem,,,,,,,,,,,
2019,Bali,Kab. Buleleng,2.99,62.57,5.63,10.18,2.82,5.33,4.55,3.33,2.60,,
2019,Bali,Kota Denpasar,70.00,5.00,2.00,15.00,1.00,1.00,1.00,,5.00,,
2022,Banten,Kab. Lebak,30.00,12.00,10.00,15.00,8.00,5.00,5.00,10.00,5.00,,
2022,Banten,Kab. Tangerang,38.15,19.50,14.89,18.60,1.55,3.16,0.83,2.28,1.04,,
2022,Banten,Kab. Serang,,,,,,,,,,,
2022,Banten,Kota Tangerang,57.65,0.44,13.18,19.66,1.07,2.32,0.80,0.37,4.51,,
2022,Banten,Kota Cilegon,40.00,17.00,10.00,16.00,4.00,,,1.00,,,
2022,Banten,Kota Serang,66.05,5.06,8.10,20.05,0.30,0.13,0.21,0.09,0.01,,
2022,Banten,Kota Tangerang Selatan,35.63,14.08,13.45,17.36,0.38,0.67,0.48,0.85,17.10,,
2021,Banten,Kab. Serang,63.01,,9.13,20.02,1.00,2.00,,0.28,4.56,,
2021,Banten,Kota Cilegon,,,,,,,,,,,
2021,Banten,Kota Tangerang Selatan,,,,,,,,,,,
2020,Banten,Kab. Lebak,30.00,12.00,10.00,15.00,8.00,5.00,5.00,10.00,5.00,,
2020,Banten,Kab. Serang,63.01,,9.13,20.02,1.21,0.24,,1.83,4.56,,
2020,Banten,Kota Cilegon,27.37,,27.68,41.41,,,,7.81,,,
2020,Banten,Kota Serang,65.00,4.00,8.00,20.00,0.50,0.75,0.50,0.25,1.00,,
2020,Banten,Kota Tangerang Selatan,35.63,14.08,13.45,17.37,0.38,0.67,0.48,0.85,17.09,,
2019,Banten,Kab. Pandeglang,,,,,,,,,,,
2019,Banten,Kab. Lebak,30.00,12.00,10.00,15.00,8.00,5.00,5.00,10.00,5.00,,
2019,Banten,Kab. Tangerang,35.25,17.73,11.35,23.15,1.51,1.26,0.53,2.22,7.00,,
2019,Banten,Kota Tangerang,61.38,2.24,8.94,10.97,1.68,2.32,2.09,1.78,8.60,,
2019,Banten,Kota Cilegon,,,,,,,,,,,
2019,Banten,Kota Tangerang Selatan,11.00,75.00,4.00,8.00,,,,,2.00,,
2022,Bengkulu,Kab. Bengkulu Utara,31.60,37.50,7.40,6.30,5.10,0.80,2.90,2.50,5.90,,
2022,Bengkulu,Kab. Seluma,59.00,7.00,9.00,9.00,10.00,1.00,1.00,1.00,3.00,,
2022,Bengkulu,Kab. Lebong,64.45,8.57,8.56,12.86,0.20,0.89,1.60,0.07,2.80,,
2021,Bengkulu,Kab. Seluma,45.00,35.00,7.00,8.00,4.00,0.50,,0.50,,,
2020,Bengkulu,Kab. Lebong,,,,,,,,,,,
2020,Bengkulu,Kab. Kepahiang,,,,,,,,,,,
2020,Bengkulu,Kab. Bengkulu Tengah,20.20,45.00,15.00,18.00,1.00,0.50,0.10,0.20,,,
2019,Bengkulu,Kab. Bengkulu Selatan,40.00,20.00,19.50,8.00,1.50,2.00,1.00,5.00,3.00,,
2019,Bengkulu,Kab. Bengkulu Utara,31.60,37.50,7.40,6.30,5.10,0.80,2.90,2.50,5.90,,
2019,Bengkulu,Kab. Lebong,,,,,,,,,,,
2019,Bengkulu,Kab. Kepahiang,,,,,,,,,,,
2019,Bengkulu,Kab. Bengkulu Tengah,15.00,50.00,15.00,17.20,2.00,0.50,0.10,0.20,,,
2022,D.I. Yogyakarta,Kab. Kulon Progo,67.18,,12.60,17.22,1.68,0.21,,1.11,,,
2022,D.I. Yogyakarta,Kab. Gunungkidul,,,,,,,,,,,
2022,D.I. Yogyakarta,Kota Yogyakarta,46.45,0.25,17.40,31.05,0.55,1.05,0.60,1.05,1.60,,
2021,D.I. Yogyakarta,Kab. Kulon Progo,67.18,,12.60,17.22,1.68,0.21,,1.11,,,
2021,D.I. Yogyakarta,Kab. Sleman,,,,,,,,,,,
2021,D.I. Yogyakarta,Kota Yogyakarta,50.21,10.91,6.18,10.79,2.12,0.68,0.13,10.66,8.32,,
2020,D.I. Yogyakarta,Kab. Kulon Progo,67.18,,12.60,17.22,1.68,0.21,,1.11,,,
2020,D.I. Yogyakarta,Kab. Bantul,60.54,2.80,6.26,24.33,1.66,0.82,0.04,2.34,1.21,,
2020,D.I. Yogyakarta,Kab. Gunungkidul,,,,,,,,,,,
2020,D.I. Yogyakarta,Kab. Sleman,,,,,,,,,,,
2020,D.I. Yogyakarta,Kota Yogyakarta,50.21,10.91,6.18,10.79,2.12,0.68,0.13,10.66,8.32,,
2019,D.I. Yogyakarta,Kab. Kulon Progo,67.18,,12.60,17.22,1.68,0.21,,1.11,,,
2019,D.I. Yogyakarta,Kab. Bantul,64.20,3.20,6.20,6.20,13.60,1.10,0.50,1.10,1.70,,
2019,D.I. Yogyakarta,Kab. Gunungkidul,,,,,,,,,,,
2019,D.I. Yogyakarta,Kab. Sleman,,,,,,,,,,,
2019,D.I. Yogyakarta,Kota Yogyakarta,50.21,10.91,6.18,10.79,2.12,0.68,0.13,10.66,8.32,,
2022,DKI Jakarta,Kab. Adm. Kep. Seribu,25.50,31.59,12.17,19.18,1.27,0.74,0.44,2.03,7.08,,
2022,DKI Jakarta,Kota Adm. Jakarta Pusat,,,,,,,,,,,
2022,DKI Jakarta,Kota Adm. Jakarta Utara,,,,,,,,,,,
2022,DKI Jakarta,Kota Adm. Jakarta Barat,,,,,,,,,,,
2022,DKI Jakarta,Kota Adm. Jakarta Selatan,,,,,,,,,,,
2022,DKI Jakarta,Kota Adm. Jakarta Timur,,,,,,,,,,,
2021,DKI Jakarta,Kab. Adm. Kep. Seribu,,,,,,,,,,,
2021,DKI Jakarta,Kota Adm. Jakarta Pusat,,,,,,,,,,,
2021,DKI Jakarta,Kota Adm. Jakarta Utara,,,,,,,,,,,
2021,DKI Jakarta,Kota Adm. Jakarta Barat,,,,,,,,,,,
2021,DKI Jakarta,Kota Adm. Jakarta Selatan,,,,,,,,,,,
2021,DKI Jakarta,Kota Adm. Jakarta Timur,,,,,,,,,,,
2020,DKI Jakarta,Kab. Adm. Kep. Seribu,23.02,2.97,0.18,0.90,0.08,,,0.65,72.20,,
2020,DKI Jakarta,Kota Adm. Jakarta Pusat,,,,,,,,,,,
2020,DKI Jakarta,Kota Adm. Jakarta Utara,,,,,,,,,,,
2020,DKI Jakarta,Kota Adm. Jakarta Barat,69.77,5.78,3.08,2.97,1.49,2.99,1.25,0.01,12.66,,
2020,DKI Jakarta,Kota Adm. Jakarta Selatan,,,,,,,,,,,
2020,DKI Jakarta,Kota Adm. Jakarta Timur,,,,,,,,,,,
2019,DKI Jakarta,Kab. Adm. Kep. Seribu,23.02,2.97,0.18,0.90,0.08,,,0.65,72.20,,
2019,DKI Jakarta,Kota Adm. Jakarta Utara,,,,,,,,,,,
2019,DKI Jakarta,Kota Adm. Jakarta Selatan,,,,,,,,,,,
2019,DKI Jakarta,Kota Adm. Jakarta Timur,,,,,,,,,,,
2022,Gorontalo,Kab. Gorontalo,65.00,13.00,14.00,1.00,1.00,1.00,1.00,1.00,3.00,,
2022,Gorontalo,Kab. Bone Bolango,31.35,28.54,16.41,19.90,2.50,,,1.30,,,
2022,Gorontalo,Kab. Pohuwato,13.20,10.30,32.30,35.80,,,,2.10,6.30,,
2022,Gorontalo,Kota Gorontalo,17.00,20.00,10.00,36.00,2.00,3.00,5.00,7.00,,,
2021,Gorontalo,Kota Gorontalo,21.00,10.00,10.00,30.00,8.00,5.00,7.00,9.00,,,
2020,Gorontalo,Kab. Gorontalo,64.00,12.00,13.00,1.00,1.00,1.00,1.00,1.00,6.00,,
2020,Gorontalo,Kab. Pohuwato,34.13,14.30,10.20,35.89,,,,1.20,4.28,,
2019,Gorontalo,Kab. Gorontalo,65.00,13.00,14.00,1.00,1.00,1.00,1.00,1.00,3.00,,
2019,Gorontalo,Kab. Pohuwato,41.00,15.10,12.10,22.40,1.70,,,2.50,5.20,,
2019,Gorontalo,Kota Gorontalo,21.00,15.00,10.00,35.00,10.00,5.00,2.00,2.00,,,
2022,Jambi,Kab. Merangin,,,,,,,,,,,
2022,Jambi,Kab. Sarolangun,61.20,1.79,11.20,23.39,0.07,0.70,0.14,0.26,1.25,,
2022,Jambi,Kab. Bungo,60.50,4.10,14.10,5.90,1.80,1.50,5.15,1.00,5.95,,
2022,Jambi,Kota Jambi,16.11,23.84,7.38,44.07,0.89,0.57,1.23,0.30,5.61,,
2022,Jambi,Kota Sungai Penuh,24.00,,18.00,20.00,15.00,9.00,11.00,,3.00,,
2021,Jambi,Kab. Merangin,40.00,5.00,11.00,5.00,30.00,1.00,5.00,1.00,2.00,,
2021,Jambi,Kab. Bungo,60.50,4.10,14.10,5.90,1.80,1.50,5.15,1.00,5.95,,
2021,Jambi,Kota Jambi,16.11,23.84,7.38,44.07,0.89,0.57,1.23,0.30,5.61,,
2020,Jambi,Kab. Merangin,26.50,15.00,14.50,23.00,4.50,3.00,2.50,1.00,10.00,,
2020,Jambi,Kab. Sarolangun,,,,,,,,,,,
2020,Jambi,Kab. Batanghari,36.00,15.00,18.80,14.00,3.20,3.00,2.00,2.00,6.00,,
2020,Jambi,Kab. Muaro Jambi,,,,,,,,,,,
2020,Jambi,Kab. Tanjung Jabung Barat,5.00,8.00,30.00,30.00,3.00,6.00,10.00,2.00,6.00,,
2020,Jambi,Kab. Bungo,63.13,13.25,1.42,4.48,5.88,3.83,5.73,1.38,0.90,,
2020,Jambi,Kab. Tebo,,,,,,,,,,,
2020,Jambi,Kota Sungai Penuh,,,,,,,,,,,
2019,Jambi,Kab. Merangin,28.00,13.00,19.00,15.00,4.00,4.00,3.00,2.00,12.00,,
2019,Jambi,Kab. Sarolangun,,,,,,,,,,,
2019,Jambi,Kab. Batanghari,36.00,15.00,18.80,14.00,3.20,3.00,2.00,2.00,6.00,,
2019,Jambi,Kab. Muaro Jambi,,,,,,,,,,,
2019,Jambi,Kab. Bungo,63.13,13.25,1.42,4.48,5.88,3.83,5.73,1.38,0.90,,
2019,Jambi,Kota Jambi,,,,,,,,,,,
2019,Jambi,Kota Sungai Penuh,,,,,,,,,100.00,,
2022,Jawa Barat,Kab. Bandung,,,,,,,,,,,
2022,Jawa Barat,Kab. Garut,59.30,,6.30,20.50,1.00,2.60,,3.40,6.90,,
2022,Jawa Barat,Kab. Ciamis,38.00,0.40,16.00,20.00,10.00,4.00,1.00,10.20,0.40,,
2022,Jawa Barat,Kab. Kuningan,40.00,17.00,10.00,16.00,4.00,3.00,2.00,2.00,6.00,,
2022,Jawa Barat,Kab. Sumedang,20.00,15.00,5.00,40.00,3.00,3.00,2.00,2.00,10.00,,
2022,Jawa Barat,Kab. Indramayu,27.00,6.40,25.00,35.80,1.00,1.80,0.80,0.70,1.50,,
2022,Jawa Barat,Kab. Karawang,64.00,1.00,9.00,14.00,2.00,1.00,,1.00,8.00,,
2022,Jawa Barat,Kab. Bekasi,,,,,,,,,,,
2022,Jawa Barat,Kota Bogor,40.00,14.00,20.00,15.00,1.00,2.50,0.50,1.00,6.00,,
2022,Jawa Barat,Kota Sukabumi,39.98,13.98,13.98,17.03,3.30,2.75,2.00,2.30,4.68,,
2022,Jawa Barat,Kota Bandung,44.52,3.98,13.12,16.70,0.90,4.75,2.38,1.97,11.68,,
2022,Jawa Barat,Kota Bekasi,65.20,7.20,4.20,15.60,0.20,6.30,0.50,0.50,0.30,,
2022,Jawa Barat,Kota Cimahi,,50.60,8.60,15.60,3.10,5.30,,3.00,13.80,,
2022,Jawa Barat,Kota Tasikmalaya,48.70,,5.80,5.40,0.20,1.90,,6.30,31.60,,
2022,Jawa Barat,Kota Banjar,,,,,,,,,,,
2021,Jawa Barat,Kab. Bandung,,,,,,,,,,,
2021,Jawa Barat,Kab. Garut,59.30,,6.30,20.50,1.00,2.60,,3.40,6.90,,
2021,Jawa Barat,Kab. Ciamis,34.40,0.40,15.00,15.00,10.70,6.40,1.70,16.10,0.30,,
2021,Jawa Barat,Kab. Cirebon,,,,,,,,,,,
2021,Jawa Barat,Kab. Sumedang,20.00,5.00,15.00,40.00,3.00,3.00,2.00,2.00,10.00,,
2021,Jawa Barat,Kab. Indramayu,27.00,6.40,25.00,35.80,1.00,1.80,0.80,0.70,1.50,,
2021,Jawa Barat,Kota Bogor,40.00,14.00,20.00,15.00,1.00,2.50,0.50,1.00,6.00,,
2021,Jawa Barat,Kota Sukabumi,59.35,,9.08,12.61,0.42,0.90,,0.60,17.04,,
2021,Jawa Barat,Kota Bandung,44.52,3.98,13.12,16.70,0.90,4.75,2.38,1.97,11.68,,
2021,Jawa Barat,Kota Cirebon,49.22,11.76,5.56,19.01,0.71,1.76,0.58,1.43,9.97,,
2021,Jawa Barat,Kota Bekasi,65.20,7.20,4.20,15.60,0.20,6.30,0.50,0.50,0.30,,
2021,Jawa Barat,Kota Depok,62.95,0.57,6.10,21.36,0.14,0.57,0.50,0.57,7.24,,
2021,Jawa Barat,Kota Cimahi,,50.60,8.60,15.60,3.10,5.30,,3.00,13.80,,
2020,Jawa Barat,Kab. Bandung,43.00,10.00,9.00,20.00,2.00,1.00,,1.00,14.00,,
2020,Jawa Barat,Kab. Ciamis,26.40,0.40,33.00,5.00,10.70,6.40,1.70,16.10,0.30,,
2020,Jawa Barat,Kab. Cirebon,,,,,,,,,,,
2020,Jawa Barat,Kab. Sumedang,62.27,1.97,9.25,12.57,1.77,0.91,1.25,1.09,8.92,,
2020,Jawa Barat,Kab. Bekasi,,,,,,,,,,,
2020,Jawa Barat,Kab. Pangandaran,,,,,,,,,,,
2020,Jawa Barat,Kota Bogor,20.00,33.30,19.70,10.00,1.50,3.50,1.00,1.00,10.00,,
2020,Jawa Barat,Kota Sukabumi,46.62,15.78,7.97,12.45,0.91,1.66,0.84,1.91,11.86,,
2020,Jawa Barat,Kota Bandung,44.52,3.98,13.12,16.70,0.90,4.75,2.38,1.97,11.68,,
2020,Jawa Barat,Kota Depok,62.95,0.57,6.10,21.36,0.14,0.57,0.50,0.57,7.24,,
2020,Jawa Barat,Kota Cimahi,,,,,,,,,,,
2020,Jawa Barat,Kota Tasikmalaya,48.70,,5.80,5.40,0.20,1.90,,6.30,31.60,,
2020,Jawa Barat,Kota Banjar,42.97,10.84,9.41,24.62,1.02,1.18,0.05,2.81,7.09,,
2019,Jawa Barat,Kab. Sukabumi,45.08,6.80,7.10,26.27,1.21,1.27,0.11,2.62,6.60,,
2019,Jawa Barat,Kab. Ciamis,26.40,0.40,33.00,5.00,10.70,6.40,1.70,16.10,0.30,,
2019,Jawa Barat,Kab. Sumedang,62.27,1.97,9.25,12.57,1.77,0.91,1.25,1.09,8.92,,
2019,Jawa Barat,Kab. Subang,,,,,,,,,,,
2019,Jawa Barat,Kab. Bekasi,,,,,,,,,,,
2019,Jawa Barat,Kab. Pangandaran,,,,,,,,,,,
2019,Jawa Barat,Kota Bogor,20.00,33.30,19.70,10.00,1.50,3.50,1.00,1.00,10.00,,
2019,Jawa Barat,Kota Sukabumi,51.00,12.00,7.00,6.00,6.00,4.00,4.00,3.00,7.00,,
2019,Jawa Barat,Kota Depok,62.95,0.57,6.10,21.36,0.14,0.57,0.50,0.57,7.24,,
2019,Jawa Barat,Kota Cimahi,,50.60,8.60,15.60,3.10,5.30,,3.00,13.80,,
2019,Jawa Barat,Kota Tasikmalaya,48.70,,5.80,5.40,0.20,1.90,,6.30,31.60,,
2022,Jawa Tengah,Kab. Cilacap,57.67,1.71,9.71,16.42,1.33,1.25,,1.17,10.74,,
2022,Jawa Tengah,Kab. Banyumas,36.00,6.00,6.00,30.00,9.00,5.00,3.00,5.00,,,
2022,Jawa Tengah,Kab. Purbalingga,60.47,2.09,8.95,18.49,0.68,2.34,5.14,0.87,0.97,,
2022,Jawa Tengah,Kab. Kebumen,30.00,36.80,7.00,12.00,7.00,4.00,2.00,1.00,0.20,,
2022,Jawa Tengah,Kab. Purworejo,16.00,52.00,2.00,15.00,1.00,1.50,0.20,1.50,10.00,,
2022,Jawa Tengah,Kab. Wonosobo,68.93,1.50,12.57,10.11,3.50,0.60,0.31,1.14,1.34,,
2022,Jawa Tengah,Kab. Boyolali,,,,,,,,,,,
2022,Jawa Tengah,Kab. Klaten,67.42,3.82,10.46,15.05,0.10,0.42,0.08,0.65,2.00,,
2022,Jawa Tengah,Kab. Sukoharjo,60.80,1.88,9.81,17.03,1.98,2.28,1.82,1.27,3.13,,
2022,Jawa Tengah,Kab. Wonogiri,25.00,10.00,20.00,25.00,5.00,5.00,2.50,5.00,2.50,,
2022,Jawa Tengah,Kab. Karanganyar,63.00,2.00,5.00,20.00,1.00,2.00,2.00,3.00,2.00,,
2022,Jawa Tengah,Kab. Sragen,74.30,0.80,8.90,11.20,0.50,1.80,0.30,1.80,0.40,,
2022,Jawa Tengah,Kab. Grobogan,,,,,,,,,,,
2022,Jawa Tengah,Kab. Blora,26.00,6.00,15.00,38.00,8.00,2.00,1.50,3.00,0.50,,
2022,Jawa Tengah,Kab. Rembang,38.12,1.59,13.38,34.45,0.93,1.88,0.77,1.33,7.55,,
2022,Jawa Tengah,Kab. Kudus,24.71,21.11,15.90,18.29,6.55,4.53,3.02,4.80,1.09,,
2022,Jawa Tengah,Kab. Jepara,53.31,0.96,8.79,23.36,0.69,2.44,0.94,1.16,8.35,,
2022,Jawa Tengah,Kab. Demak,47.00,4.00,15.00,22.00,0.05,0.05,5.00,2.90,4.00,,
2022,Jawa Tengah,Kab. Semarang,,,,,,,,,,,
2022,Jawa Tengah,Kab. Temanggung,32.90,18.85,5.39,17.44,7.06,2.01,2.00,2.06,12.29,,
2022,Jawa Tengah,Kab. Kendal,83.00,6.61,0.72,5.26,0.09,0.80,0.03,0.14,3.35,,
2022,Jawa Tengah,Kab. Batang,28.00,13.00,13.00,16.00,7.00,6.00,3.00,6.00,8.00,,
2022,Jawa Tengah,Kab. Pemalang,,,,,,,,,,,
2022,Jawa Tengah,Kab. Tegal,35.00,11.00,12.00,14.00,7.00,6.00,3.00,7.00,5.00,,
2022,Jawa Tengah,Kab. Brebes,5.00,50.00,5.00,25.00,4.00,4.00,1.00,1.00,5.00,,
2022,Jawa Tengah,Kota Magelang,33.70,13.30,18.80,21.50,0.80,1.80,0.50,3.70,5.90,,
2022,Jawa Tengah,Kota Surakarta,38.18,5.64,13.64,22.73,3.64,7.27,,,8.90,,
2022,Jawa Tengah,Kota Salatiga,,,24.60,5.54,12.30,6.16,,12.91,20.72,,
2022,Jawa Tengah,Kota Semarang,60.79,,10.18,17.20,1.22,4.94,1.00,1.79,2.88,,
2022,Jawa Tengah,Kota Tegal,,,,,,,,,,,
2021,Jawa Tengah,Kab. Cilacap,57.67,10.63,9.71,16.42,1.33,1.25,0.51,0.65,1.83,,
2021,Jawa Tengah,Kab. Banyumas,36.00,6.00,6.00,30.00,9.00,5.00,3.00,5.00,,,
2021,Jawa Tengah,Kab. Purbalingga,60.51,2.20,8.91,18.35,0.71,2.34,5.18,0.88,0.92,,
2021,Jawa Tengah,Kab. Purworejo,3.00,67.00,6.00,9.00,4.00,0.50,0.30,1.00,8.20,,
2021,Jawa Tengah,Kab. Wonosobo,,,,,,,,,,,
2021,Jawa Tengah,Kab. Magelang,37.80,3.90,26.20,17.90,1.30,1.10,0.80,2.40,8.60,,
2021,Jawa Tengah,Kab. Boyolali,,,,,,,,,,,
2021,Jawa Tengah,Kab. Klaten,67.42,3.82,10.46,15.05,0.10,0.42,0.08,0.65,2.00,,
2021,Jawa Tengah,Kab. Sukoharjo,62.40,1.88,8.01,15.93,1.68,1.98,1.82,1.27,5.03,,
2021,Jawa Tengah,Kab. Wonogiri,25.00,10.00,20.00,25.00,5.00,5.00,2.50,5.00,2.50,,
2021,Jawa Tengah,Kab. Karanganyar,63.00,2.00,5.00,20.00,1.00,2.00,2.00,3.00,2.00,,
2021,Jawa Tengah,Kab. Sragen,74.70,0.80,8.40,11.30,0.50,1.90,0.30,1.80,0.30,,
2021,Jawa Tengah,Kab. Blora,20.00,5.00,18.00,40.00,10.00,2.00,2.00,2.50,0.50,,
2021,Jawa Tengah,Kab. Rembang,38.12,1.59,13.38,34.45,0.93,1.88,0.77,1.33,7.55,,
2021,Jawa Tengah,Kab. Pati,,,,,,,,,,,
2021,Jawa Tengah,Kab. Jepara,32.24,22.75,10.86,21.70,0.78,2.12,0.53,1.68,7.34,,
2021,Jawa Tengah,Kab. Demak,32.30,20.76,9.06,23.07,0.60,1.77,0.44,1.23,10.77,,
2021,Jawa Tengah,Kab. Semarang,3.00,9.00,23.00,30.00,4.00,4.00,2.00,5.00,20.00,,
2021,Jawa Tengah,Kab. Temanggung,37.97,22.81,11.09,14.91,2.31,2.39,1.18,2.46,4.88,,
2021,Jawa Tengah,Kab. Batang,28.00,13.00,13.00,16.00,7.00,6.00,3.00,6.00,8.00,,
2021,Jawa Tengah,Kab. Pekalongan,2.00,6.00,7.00,9.00,1.00,3.00,1.00,,71.00,,
2021,Jawa Tengah,Kab. Pemalang,,,,,,,,,,,
2021,Jawa Tengah,Kab. Tegal,20.00,16.00,18.00,33.00,3.00,2.00,2.00,1.00,5.00,,
2021,Jawa Tengah,Kab. Brebes,2.00,80.00,2.00,11.00,1.00,1.00,1.00,1.00,1.00,,
2021,Jawa Tengah,Kota Magelang,33.70,13.30,18.80,21.50,0.80,1.80,0.50,3.70,5.90,,
2021,Jawa Tengah,Kota Salatiga,,,,,,,,,,,
2021,Jawa Tengah,Kota Semarang,60.79,,10.18,17.20,1.22,4.94,1.00,1.79,2.88,,
2021,Jawa Tengah,Kota Tegal,54.00,11.00,8.50,14.00,1.00,7.00,2.00,2.00,0.50,,
2020,Jawa Tengah,Kab. Cilacap,57.67,10.63,9.71,16.42,1.33,1.25,0.51,0.65,1.83,,
2020,Jawa Tengah,Kab. Purworejo,3.00,67.00,6.00,9.00,4.00,0.50,0.30,1.00,8.20,,
2020,Jawa Tengah,Kab. Wonosobo,40.00,21.50,15.00,20.00,0.20,0.20,0.10,1.00,2.00,,
2020,Jawa Tengah,Kab. Magelang,37.80,3.90,26.20,17.90,1.30,1.10,0.80,2.40,8.60,,
2020,Jawa Tengah,Kab. Boyolali,,,,,,,,,,,
2020,Jawa Tengah,Kab. Sukoharjo,60.40,2.63,8.14,15.20,3.18,3.80,4.10,1.20,1.35,,
2020,Jawa Tengah,Kab. Wonogiri,25.00,10.00,20.00,25.00,5.00,5.00,2.50,5.00,2.50,,
2020,Jawa Tengah,Kab. Sragen,74.70,0.80,8.10,11.30,0.50,1.90,0.30,1.80,0.30,,
2020,Jawa Tengah,Kab. Blora,4.00,10.00,35.00,40.00,3.00,2.00,2.00,2.00,2.00,,
2020,Jawa Tengah,Kab. Rembang,38.12,1.59,13.38,34.45,0.93,1.88,0.77,1.33,7.55,,
2020,Jawa Tengah,Kab. Pati,,,,,,,,,,,
2020,Jawa Tengah,Kab. Kudus,,,,,,,,,,,
2020,Jawa Tengah,Kab. Jepara,55.08,5.29,11.48,19.63,1.26,2.12,1.02,1.20,2.92,,
2020,Jawa Tengah,Kab. Semarang,58.00,5.00,8.90,19.00,2.50,3.20,,2.30,0.50,,
2020,Jawa Tengah,Kab. Temanggung,28.32,33.98,11.40,10.57,1.37,2.40,1.24,2.25,8.38,,
2020,Jawa Tengah,Kab. Kendal,51.54,19.88,9.49,11.31,1.29,3.09,0.88,2.07,0.45,,
2020,Jawa Tengah,Kab. Batang,,,,,,,,,,,
2020,Jawa Tengah,Kab. Pemalang,40.00,5.00,10.00,25.00,2.00,4.00,5.00,7.00,2.00,,
2020,Jawa Tengah,Kab. Tegal,39.00,20.80,8.70,14.50,5.20,3.50,4.80,1.60,1.90,,
2020,Jawa Tengah,Kab. Brebes,1.00,80.00,1.00,15.00,1.00,,1.00,,1.00,,
2020,Jawa Tengah,Kota Magelang,33.70,13.30,18.80,21.50,0.80,1.80,0.50,3.70,5.90,,
2020,Jawa Tengah,Kota Salatiga,,,,,,,,,,,
2020,Jawa Tengah,Kota Semarang,60.79,,10.18,17.20,1.22,4.94,1.00,1.79,2.88,,
2019,Jawa Tengah,Kab. Cilacap,57.67,10.63,9.71,16.42,1.33,1.25,0.51,0.65,1.83,,
2019,Jawa Tengah,Kab. Kebumen,58.00,,11.00,13.00,13.00,1.00,,2.00,2.00,,
2019,Jawa Tengah,Kab. Purworejo,5.00,55.00,8.00,12.00,3.00,1.00,0.50,1.00,12.50,,
2019,Jawa Tengah,Kab. Wonosobo,40.00,21.45,10.00,20.00,0.20,0.20,0.15,1.00,2.00,,
2019,Jawa Tengah,Kab. Boyolali,53.84,1.80,13.31,20.89,1.10,1.57,1.05,0.98,5.46,,
2019,Jawa Tengah,Kab. Klaten,60.00,5.00,5.00,20.00,0.50,5.00,3.00,0.50,1.00,,
2019,Jawa Tengah,Kab. Sukoharjo,77.10,1.42,3.12,14.04,0.21,1.39,0.16,0.16,2.40,,
2019,Jawa Tengah,Kab. Wonogiri,22.30,29.48,19.74,11.81,6.54,,,6.07,4.06,,
2019,Jawa Tengah,Kab. Sragen,74.70,0.90,8.40,11.10,0.40,2.20,0.30,1.70,0.30,,
2019,Jawa Tengah,Kab. Grobogan,12.00,44.00,10.00,15.00,2.00,3.00,3.00,5.00,6.00,,
2019,Jawa Tengah,Kab. Rembang,38.12,1.59,13.38,34.45,0.93,1.88,0.77,1.33,7.55,,
2019,Jawa Tengah,Kab. Pati,,,,,,,,,,,
2019,Jawa Tengah,Kab. Kudus,73.00,3.00,8.00,9.00,2.10,1.50,1.00,1.20,,,
2019,Jawa Tengah,Kab. Jepara,55.08,5.29,11.48,19.63,1.26,2.12,1.02,1.20,2.92,,
2019,Jawa Tengah,Kab. Semarang,57.50,4.00,7.10,18.20,1.90,2.20,,1.20,0.50,,
2019,Jawa Tengah,Kab. Kendal,52.20,20.25,9.33,10.76,1.26,3.04,0.86,2.00,0.30,,
2019,Jawa Tengah,Kab. Batang,,,,,,,,,,,
2019,Jawa Tengah,Kab. Pemalang,45.00,5.00,10.00,20.00,4.00,4.00,5.00,2.00,5.00,,
2019,Jawa Tengah,Kab. Brebes,1.00,86.00,1.00,7.00,1.00,1.00,1.00,1.00,1.00,,
2019,Jawa Tengah,Kota Magelang,33.70,13.30,40.30,0.80,1.80,0.50,3.70,5.90,0.00,,
2019,Jawa Tengah,Kota Semarang,60.79,,10.18,17.20,1.22,4.94,1.00,1.79,2.88,,
2022,Jawa Timur,Kab. Pacitan,34.00,4.50,8.30,35.00,5.00,8.00,3.00,2.00,0.20,,
2022,Jawa Timur,Kab. Ponorogo,44.76,0.36,16.53,21.89,0.48,6.62,1.43,0.60,7.33,,
2022,Jawa Timur,Kab. Trenggalek,67.48,3.55,10.77,11.62,1.00,1.05,1.14,1.60,1.79,,
2022,Jawa Timur,Kab. Tulungagung,46.00,15.60,7.50,12.50,5.00,4.80,2.00,2.00,4.60,,
2022,Jawa Timur,Kab. Kediri,46.40,22.47,4.28,11.31,0.20,2.02,0.63,4.75,7.94,,
2022,Jawa Timur,Kab. Malang,60.64,6.51,13.20,15.26,0.27,1.12,0.40,0.67,1.93,,
2022,Jawa Timur,Kab. Lumajang,40.25,17.35,10.65,17.80,1.15,3.25,1.45,1.50,6.60,,
2022,Jawa Timur,Kab. Jember,50.00,5.00,5.00,30.00,1.00,,5.00,1.00,3.00,,
2022,Jawa Timur,Kab. Banyuwangi,,,,,,,,,,,
2022,Jawa Timur,Kab. Situbondo,44.40,13.80,16.20,24.00,0.20,0.60,0.20,0.20,0.40,,
2022,Jawa Timur,Kab. Mojokerto,47.88,1.91,19.54,21.07,0.53,0.47,0.17,0.24,8.19,,
2022,Jawa Timur,Kab. Jombang,48.85,7.27,7.93,12.50,1.24,2.71,1.33,1.24,16.93,,
2022,Jawa Timur,Kab. Nganjuk,61.50,2.00,13.10,12.30,6.00,1.00,1.00,1.00,2.10,,
2022,Jawa Timur,Kab. Magetan,35.00,25.00,8.00,15.00,1.00,1.00,2.00,3.00,10.00,,
2022,Jawa Timur,Kab. Ngawi,38.30,3.80,10.40,30.60,2.40,2.30,3.70,3.50,5.00,,
2022,Jawa Timur,Kab. Bojonegoro,45.00,34.00,3.00,7.00,1.00,0.50,0.50,1.00,8.00,,
2022,Jawa Timur,Kab. Tuban,58.52,15.32,5.78,11.02,0.17,1.62,0.10,1.33,6.14,,
2022,Jawa Timur,Kab. Gresik,55.29,10.29,4.47,11.58,0.47,4.84,2.02,1.37,9.67,,
2022,Jawa Timur,Kab. Sampang,45.00,11.00,10.00,15.00,1.00,2.00,1.00,1.00,14.00,,
2022,Jawa Timur,Kab. Pamekasan,55.00,4.00,7.00,13.00,3.00,5.00,2.00,2.00,9.00,,
2022,Jawa Timur,Kab. Sumenep,,,,,,,,,,,
2022,Jawa Timur,Kota Kediri,56.40,8.20,12.80,12.00,4.50,2.40,1.40,0.90,1.40,,
2022,Jawa Timur,Kota Blitar,53.00,13.60,5.20,9.10,0.80,2.90,3.00,3.40,9.00,,
2022,Jawa Timur,Kota Malang,54.39,13.60,4.47,13.66,0.98,0.52,0.21,1.78,10.39,,
2022,Jawa Timur,Kota Probolinggo,61.55,4.06,9.12,19.29,0.74,0.93,1.43,0.86,2.02,,
2022,Jawa Timur,Kota Pasuruan,5.61,16.82,31.06,34.59,4.52,0.38,0.44,4.53,2.05,,
2022,Jawa Timur,Kota Mojokerto,73.10,0.02,9.51,13.45,0.32,0.90,0.11,0.49,2.10,,
2022,Jawa Timur,Kota Madiun,81.00,1.50,7.90,4.00,2.50,0.90,0.90,0.80,0.50,,
2022,Jawa Timur,Kota Surabaya,,,,,,,,,,,
2022,Jawa Timur,Kota Batu,4.00,2.00,6.00,4.00,1.00,,,1.00,,,
2021,Jawa Timur,Kab. Pacitan,68.40,2.90,8.30,17.00,0.50,0.20,0.20,0.50,2.00,,
2021,Jawa Timur,Kab. Ponorogo,44.76,0.36,16.53,21.89,0.48,6.61,1.43,0.60,7.34,,
2021,Jawa Timur,Kab. Trenggalek,,,,,,,,,,,
2021,Jawa Timur,Kab. Blitar,70.85,1.00,12.45,7.50,0.90,1.94,0.52,0.92,3.92,,
2021,Jawa Timur,Kab. Kediri,46.40,22.47,4.28,11.31,0.20,2.02,0.63,4.75,7.94,,
2021,Jawa Timur,Kab. Lumajang,40.25,17.35,10.65,17.80,1.15,3.25,1.45,1.50,6.60,,
2021,Jawa Timur,Kab. Banyuwangi,3.12,0.84,18.98,21.78,0.94,1.52,0.57,2.55,49.70,,
2021,Jawa Timur,Kab. Situbondo,,,,,,,,,,,
2021,Jawa Timur,Kab. Jombang,48.85,7.27,7.93,12.50,1.24,2.71,1.33,1.24,16.93,,
2021,Jawa Timur,Kab. Nganjuk,61.50,2.00,13.10,12.30,6.00,1.00,1.00,1.00,2.10,,
2021,Jawa Timur,Kab. Magetan,25.00,25.00,8.00,20.00,1.50,2.00,1.80,1.30,15.40,,
2021,Jawa Timur,Kab. Ngawi,38.30,3.80,10.40,30.60,2.40,2.30,3.70,3.50,5.00,,
2021,Jawa Timur,Kab. Bojonegoro,,,,,,,,,,,
2021,Jawa Timur,Kab. Tuban,58.52,15.32,5.78,11.02,0.17,1.62,0.10,1.33,6.14,,
2021,Jawa Timur,Kab. Lamongan,30.00,12.00,9.00,18.00,8.00,2.00,2.00,1.00,18.00,,
2021,Jawa Timur,Kab. Pamekasan,55.00,4.00,7.00,13.00,3.00,5.00,2.00,2.00,9.00,,
2021,Jawa Timur,Kab. Sumenep,58.62,1.08,20.83,17.33,,0.91,0.26,0.57,0.40,,
2021,Jawa Timur,Kota Kediri,54.20,7.70,12.40,14.50,4.70,2.20,1.40,0.80,2.10,,
2021,Jawa Timur,Kota Blitar,53.00,13.60,5.20,9.10,0.80,2.90,3.00,3.40,9.00,,
2021,Jawa Timur,Kota Malang,,,,,,,,,,,
2021,Jawa Timur,Kota Probolinggo,60.98,3.68,10.56,19.87,0.82,0.78,0.93,0.96,1.42,,
2021,Jawa Timur,Kota Pasuruan,10.11,6.40,1.35,6.06,0.07,0.67,0.07,0.13,75.14,,
2021,Jawa Timur,Kota Madiun,81.00,1.50,7.90,4.00,2.50,0.90,0.90,0.80,0.50,,
2021,Jawa Timur,Kota Surabaya,,,,,,,,,,,
2021,Jawa Timur,Kota Batu,4.00,2.00,6.00,4.00,1.00,,,1.00,,,
2020,Jawa Timur,Kab. Pacitan,68.40,2.90,8.30,17.00,0.50,0.20,0.20,0.50,2.00,,
2020,Jawa Timur,Kab. Ponorogo,,,,,,,,,,,
2020,Jawa Timur,Kab. Trenggalek,32.00,3.00,31.00,29.00,1.00,1.00,1.00,1.00,1.00,,
2020,Jawa Timur,Kab. Blitar,70.85,1.00,12.45,7.50,0.90,1.94,0.52,0.92,3.92,,
2020,Jawa Timur,Kab. Lumajang,42.48,17.52,7.71,18.20,1.16,3.28,1.46,1.52,6.67,,
2020,Jawa Timur,Kab. Bondowoso,60.22,2.32,7.63,25.30,1.20,1.13,1.20,1.00,,,
2020,Jawa Timur,Kab. Situbondo,,,,,,,,,,,
2020,Jawa Timur,Kab. Probolinggo,20.00,32.00,16.60,16.90,0.40,0.50,12.00,0.20,1.40,,
2020,Jawa Timur,Kab. Sidoarjo,70.30,1.40,8.50,11.00,0.20,1.10,0.20,0.50,6.80,,
2020,Jawa Timur,Kab. Jombang,,,,,,,,,,,
2020,Jawa Timur,Kab. Nganjuk,7.46,54.13,2.71,6.41,0.23,9.62,0.25,0.74,18.45,,
2020,Jawa Timur,Kab. Magetan,,,,,,,,,,,
2020,Jawa Timur,Kab. Ngawi,38.30,3.80,10.40,30.60,2.40,2.30,3.70,3.50,5.10,,
2020,Jawa Timur,Kab. Tuban,58.52,15.32,5.78,11.02,0.17,1.62,0.10,1.33,6.14,,
2020,Jawa Timur,Kab. Gresik,40.00,1.00,11.00,16.00,2.00,1.00,1.00,1.00,27.00,,
2020,Jawa Timur,Kab. Pamekasan,,,,,,,,,,,
2020,Jawa Timur,Kab. Sumenep,63.86,1.35,7.61,13.18,,1.31,0.29,0.96,11.44,,
2020,Jawa Timur,Kota Kediri,,,,,,,,,,,
2020,Jawa Timur,Kota Blitar,53.00,13.60,5.20,9.10,0.80,2.90,3.00,3.40,9.00,,
2020,Jawa Timur,Kota Malang,,,,,,,,,,,
2020,Jawa Timur,Kota Probolinggo,59.25,4.81,10.87,18.38,0.87,0.93,1.38,1.07,2.44,,
2020,Jawa Timur,Kota Pasuruan,10.11,6.40,1.35,6.06,0.07,0.67,0.07,0.13,75.14,,
2020,Jawa Timur,Kota Mojokerto,75.00,5.50,7.50,3.00,1.80,4.00,1.20,0.50,1.50,,
2020,Jawa Timur,Kota Madiun,81.00,0.50,8.00,4.00,3.00,1.00,1.00,1.00,0.50,,
2020,Jawa Timur,Kota Surabaya,54.31,1.61,14.63,19.44,0.48,1.47,2.33,1.12,4.61,,
2019,Jawa Timur,Kab. Pacitan,68.20,2.90,8.20,17.20,0.50,0.20,0.30,0.50,2.00,,
2019,Jawa Timur,Kab. Trenggalek,,,,,,,,,,,
2019,Jawa Timur,Kab. Tulungagung,46.00,18.00,7.50,4.50,11.00,4.70,2.00,4.00,2.30,,
2019,Jawa Timur,Kab. Blitar,29.00,50.00,5.00,10.00,,,,,1.00,,
2019,Jawa Timur,Kab. Kediri,,,,,,,,,,,
2019,Jawa Timur,Kab. Malang,65.74,1.51,6.88,15.16,0.27,1.12,0.40,0.67,1.93,,
2019,Jawa Timur,Kab. Lumajang,40.25,17.35,6.44,17.80,1.15,3.25,1.45,1.50,6.60,,
2019,Jawa Timur,Kab. Banyuwangi,34.04,0.84,18.98,21.76,0.94,1.52,0.57,2.55,18.80,,
2019,Jawa Timur,Kab. Bondowoso,60.22,2.32,7.63,25.30,1.20,1.13,1.20,1.00,,,
2019,Jawa Timur,Kab. Situbondo,25.00,25.00,25.00,12.00,3.00,2.00,3.00,1.00,4.00,,
2019,Jawa Timur,Kab. Probolinggo,20.00,32.00,16.60,16.90,0.40,0.50,12.00,0.20,1.40,,
2019,Jawa Timur,Kab. Pasuruan,,,,,,,,,,,
2019,Jawa Timur,Kab. Sidoarjo,70.30,1.40,8.50,11.00,0.20,1.10,0.20,0.50,6.80,,
2019,Jawa Timur,Kab. Nganjuk,,,,,,,,,,,
2019,Jawa Timur,Kab. Madiun,63.53,4.15,7.50,19.71,1.34,2.65,0.01,0.13,0.98,,
2019,Jawa Timur,Kab. Ngawi,10.00,50.00,10.00,20.00,3.00,3.00,1.00,1.00,2.00,,
2019,Jawa Timur,Kab. Bojonegoro,5.00,20.00,40.00,35.00,,,,,,,
2019,Jawa Timur,Kab. Tuban,58.53,15.43,5.78,11.02,0.17,1.62,,1.33,6.12,,
2019,Jawa Timur,Kab. Gresik,42.00,1.00,10.50,16.50,0.50,1.50,,1.00,27.00,,
2019,Jawa Timur,Kab. Sampang,30.00,13.00,5.20,13.20,5.00,,,0.50,32.90,,
2019,Jawa Timur,Kab. Pamekasan,,,,,,,,,,,
2019,Jawa Timur,Kab. Sumenep,58.72,1.08,20.83,17.33,,0.91,0.26,0.57,0.30,,
2019,Jawa Timur,Kota Kediri,27.00,28.00,15.00,24.00,1.00,0.50,1.50,1.80,1.20,,
2019,Jawa Timur,Kota Blitar,53.00,13.60,5.20,9.10,0.80,2.90,3.00,3.40,9.00,,
2019,Jawa Timur,Kota Malang,11.80,61.00,18.00,7.00,0.40,0.80,0.60,0.20,0.20,,
2019,Jawa Timur,Kota Probolinggo,58.50,5.40,11.20,17.90,0.80,0.90,1.60,1.00,2.00,,
2019,Jawa Timur,Kota Pasuruan,37.90,32.00,4.30,8.80,4.30,3.50,5.00,1.70,2.50,,
2019,Jawa Timur,Kota Mojokerto,73.10,0.02,9.51,13.45,0.32,0.90,0.11,0.49,2.10,,
2019,Jawa Timur,Kota Madiun,81.00,0.50,8.00,4.00,3.00,1.00,1.00,1.00,0.50,,
2019,Jawa Timur,Kota Surabaya,54.31,1.61,14.63,19.44,0.48,1.47,2.33,1.12,4.61,,
2019,Jawa Timur,Kota Batu,78.10,0.60,11.20,8.00,0.30,0.50,0.60,0.60,0.10,,
2022,Kalimantan Barat,Kab. Sambas,40.00,5.60,14.20,25.00,0.30,1.00,0.90,2.00,11.00,,
2022,Kalimantan Barat,Kab. Mempawah,1.00,8.10,1.60,13.40,15.10,,8.30,,52.50,,
2022,Kalimantan Barat,Kab. Sanggau,,,,,,,,,,,
2022,Kalimantan Barat,Kab. Kapuas Hulu,44.77,1.32,12.80,28.62,2.20,1.51,2.56,2.29,3.93,,
2022,Kalimantan Barat,Kota Pontianak,12.00,,,,,,,,,,
2022,Kalimantan Barat,Kota Singkawang,76.00,,8.40,7.80,3.60,,,,4.20,,
2021,Kalimantan Barat,Kab. Sambas,40.00,5.60,14.20,25.00,0.30,1.00,0.90,2.00,11.00,,
2021,Kalimantan Barat,Kab. Mempawah,,,,,,,,,,,
2021,Kalimantan Barat,Kab. Sanggau,56.21,13.61,4.73,7.10,,,,2.96,15.39,,
2021,Kalimantan Barat,Kab. Melawi,,,,,,,,,,,
2021,Kalimantan Barat,Kota Pontianak,,,,,,,,,,,
2021,Kalimantan Barat,Kota Singkawang,,,,,,,,,,,
2020,Kalimantan Barat,Kab. Sambas,40.00,5.60,14.20,25.00,0.30,1.00,0.90,2.00,11.00,,
2020,Kalimantan Barat,Kab. Mempawah,10.00,25.00,25.00,20.00,10.00,3.00,2.00,2.00,3.00,,
2020,Kalimantan Barat,Kab. Sanggau,56.21,13.61,4.73,7.10,,,,2.96,15.39,,
2020,Kalimantan Barat,Kab. Ketapang,28.00,4.00,9.00,42.00,2.00,3.00,2.00,1.00,9.00,,
2020,Kalimantan Barat,Kab. Melawi,,,,,,,,,,,
2020,Kalimantan Barat,Kota Pontianak,83.00,1.50,7.20,6.00,2.00,,0.10,,0.20,,
2020,Kalimantan Barat,Kota Singkawang,51.61,1.49,1.57,39.22,1.90,1.73,,1.32,1.16,,
2019,Kalimantan Barat,Kab. Sambas,40.00,5.60,14.20,25.00,0.30,1.00,0.90,2.00,11.00,,
2019,Kalimantan Barat,Kab. Mempawah,10.00,25.00,25.00,20.00,10.00,3.00,2.00,2.00,3.00,,
2019,Kalimantan Barat,Kab. Sanggau,,,,,,,,,,,
2019,Kalimantan Barat,Kab. Ketapang,28.00,6.00,9.00,42.00,2.00,3.00,2.00,1.00,7.00,,
2019,Kalimantan Barat,Kab. Kapuas Hulu,35.65,4.79,11.74,37.02,2.52,1.47,4.45,2.22,0.14,,
2019,Kalimantan Barat,Kab. Bengkayang,,,,,,,,,,,
2019,Kalimantan Barat,Kota Pontianak,83.00,1.50,7.20,6.00,2.00,,0.10,,0.20,,
2022,Kalimantan Selatan,Kab. Tanah Laut,,,,,,,,,,,
2022,Kalimantan Selatan,Kab. Kotabaru,52.50,2.30,5.60,23.10,0.80,1.60,0.70,1.60,11.80,,
2022,Kalimantan Selatan,Kab. Banjar,,,,,,,,,,,
2022,Kalimantan Selatan,Kab. Barito Kuala,59.50,9.50,10.50,12.00,3.10,1.90,0.50,2.00,1.00,,
2022,Kalimantan Selatan,Kab. Tapin,,,,,,,,,,,
2022,Kalimantan Selatan,Kab. Hulu Sungai Selatan,55.18,1.48,13.13,25.35,2.90,0.46,0.90,0.40,0.20,,
2022,Kalimantan Selatan,Kab. Hulu Sungai Tengah,,,,,,,,,,,
2022,Kalimantan Selatan,Kab. Tabalong,36.00,2.00,17.00,24.00,1.00,3.00,1.00,3.00,13.00,,
2022,Kalimantan Selatan,Kab. Tanah Bumbu,64.04,4.23,3.20,12.30,2.10,2.20,1.24,2.23,8.46,,
2022,Kalimantan Selatan,Kab. Balangan,57.46,10.24,10.95,14.62,2.06,1.67,0.72,1.20,1.08,,
2022,Kalimantan Selatan,Kota Banjarbaru,,51.24,0.43,32.35,0.86,0.00,,0.52,14.60,,
2021,Kalimantan Selatan,Kab. Tanah Laut,40.00,20.00,10.00,14.00,3.00,4.00,5.00,2.00,2.00,,
2021,Kalimantan Selatan,Kab. Kotabaru,34.00,13.00,27.00,11.00,1.00,1.00,0.20,1.00,11.80,,
2021,Kalimantan Selatan,Kab. Banjar,,,,,,,,,,,
2021,Kalimantan Selatan,Kab. Barito Kuala,59.50,9.50,10.50,12.00,3.10,1.90,0.50,2.00,1.00,,
2021,Kalimantan Selatan,Kab. Tapin,50.24,3.58,10.50,33.40,0.48,0.88,0.15,0.12,0.64,,
2021,Kalimantan Selatan,Kab. Hulu Sungai Selatan,55.18,1.48,13.13,25.35,2.90,0.46,0.90,0.40,0.20,,
2021,Kalimantan Selatan,Kab. Hulu Sungai Tengah,40.04,1.40,4.05,24.91,3.63,1.05,1.24,1.47,22.21,,
2021,Kalimantan Selatan,Kab. Hulu Sungai Utara,50.63,9.21,9.83,13.78,0.85,0.65,1.09,7.80,6.16,,
2021,Kalimantan Selatan,Kab. Tabalong,36.00,2.00,17.00,24.00,1.00,3.00,,3.00,14.00,,
2021,Kalimantan Selatan,Kab. Tanah Bumbu,,,,,,,,,,,
2021,Kalimantan Selatan,Kab. Balangan,57.46,10.24,10.95,14.62,2.06,1.67,0.72,1.20,1.08,,
2021,Kalimantan Selatan,Kota Banjarmasin,55.89,0.64,9.39,12.77,1.36,14.93,1.63,2.71,0.68,,
2021,Kalimantan Selatan,Kota Banjarbaru,48.30,4.20,16.00,23.70,0.50,0.30,0.40,0.10,6.50,,
2020,Kalimantan Selatan,Kab. Barito Kuala,59.50,9.50,10.50,12.00,3.10,1.90,0.50,2.00,1.00,,
2020,Kalimantan Selatan,Kab. Tapin,50.24,3.58,10.50,33.40,0.48,0.88,0.15,0.12,0.64,,
2020,Kalimantan Selatan,Kab. Hulu Sungai Selatan,55.18,1.48,13.13,25.35,2.90,0.46,0.90,0.40,0.20,,
2020,Kalimantan Selatan,Kab. Hulu Sungai Tengah,47.80,7.26,10.45,26.12,5.75,0.24,0.35,1.78,0.25,,
2020,Kalimantan Selatan,Kab. Hulu Sungai Utara,55.78,8.38,8.72,12.41,0.98,0.84,0.06,6.10,6.73,,
2020,Kalimantan Selatan,Kab. Tabalong,35.60,2.10,16.90,23.90,1.20,2.60,,3.10,14.60,,
2020,Kalimantan Selatan,Kab. Balangan,57.43,10.37,10.86,14.48,2.08,1.71,0.76,1.21,1.10,,
2020,Kalimantan Selatan,Kota Banjarmasin,55.89,0.64,9.39,12.77,1.36,14.93,1.63,2.71,0.68,,
2020,Kalimantan Selatan,Kota Banjarbaru,39.58,11.24,14.55,21.36,0.45,2.22,0.64,1.15,8.81,,
2019,Kalimantan Selatan,Kab. Tanah Laut,10.00,20.00,3.00,40.00,5.00,1.00,1.00,1.00,19.00,,
2019,Kalimantan Selatan,Kab. Kotabaru,60.00,3.00,13.00,14.00,2.00,3.00,2.00,3.00,,,
2019,Kalimantan Selatan,Kab. Barito Kuala,61.70,9.50,10.60,9.80,2.60,1.70,0.80,2.00,1.30,,
2019,Kalimantan Selatan,Kab. Tapin,51.29,3.11,10.51,32.52,0.65,1.21,0.23,0.14,0.34,,
2019,Kalimantan Selatan,Kab. Hulu Sungai Selatan,55.18,1.48,13.13,25.35,2.90,0.46,0.90,0.40,0.20,,
2019,Kalimantan Selatan,Kab. Hulu Sungai Tengah,60.28,2.17,2.90,30.28,1.25,0.30,0.72,2.00,0.10,,
2019,Kalimantan Selatan,Kab. Hulu Sungai Utara,55.78,8.38,8.72,12.41,0.98,0.84,0.06,6.10,6.73,,
2019,Kalimantan Selatan,Kab. Tanah Bumbu,3.90,68.20,3.90,11.70,0.20,3.50,0.20,,8.40,,
2019,Kalimantan Selatan,Kab. Balangan,57.34,10.32,10.80,14.20,2.10,1.70,0.74,1.50,1.30,,
2019,Kalimantan Selatan,Kota Banjarmasin,59.40,0.10,12.40,15.10,0.50,0.20,0.20,5.70,6.40,,
2019,Kalimantan Selatan,Kota Banjarbaru,51.00,15.00,11.00,13.00,1.00,4.00,2.00,2.00,1.00,,
2022,Kalimantan Tengah,Kab. Kapuas,,,,,,,,,,,
2022,Kalimantan Tengah,Kab. Barito Selatan,80.00,12.00,4.00,1.00,1.00,1.00,,,1.00,,
2022,Kalimantan Tengah,Kab. Barito Utara,30.00,12.00,14.00,20.00,5.00,5.00,2.00,2.00,10.00,,
2022,Kalimantan Tengah,Kab. Seruyan,30.00,15.00,10.50,25.00,2.00,1.50,5.00,2.50,8.50,,
2022,Kalimantan Tengah,Kab. Gunung Mas,18.00,10.00,10.00,50.00,3.00,0.50,2.00,1.00,5.50,,
2022,Kalimantan Tengah,Kab. Pulang Pisau,23.51,26.74,13.31,25.13,3.19,2.41,0.83,1.79,3.09,,
2022,Kalimantan Tengah,Kab. Murung Raya,20.00,10.00,10.00,25.00,2.00,8.00,4.00,5.00,16.00,,
2022,Kalimantan Tengah,Kab. Barito Timur,32.00,9.00,7.00,37.00,1.00,5.00,6.50,1.20,1.30,,
2022,Kalimantan Tengah,Kota Palangkaraya,42.05,4.33,8.54,19.49,1.28,2.36,2.18,2.04,17.73,,
2021,Kalimantan Tengah,Kab. Kapuas,30.00,22.00,18.00,20.00,6.00,,,,4.00,,
2021,Kalimantan Tengah,Kab. Barito Utara,30.00,12.00,14.00,20.00,5.00,5.00,2.00,2.00,10.00,,
2021,Kalimantan Tengah,Kab. Seruyan,30.00,15.00,10.50,25.00,2.00,1.50,5.00,2.50,8.50,,
2021,Kalimantan Tengah,Kab. Gunung Mas,20.00,10.00,15.00,50.00,1.00,0.50,2.00,1.00,0.50,,
2021,Kalimantan Tengah,Kab. Pulang Pisau,23.51,26.74,13.31,25.13,3.19,2.41,0.83,1.79,3.09,,
2021,Kalimantan Tengah,Kab. Barito Timur,32.00,9.00,7.00,37.00,1.00,5.00,6.50,1.20,1.30,,
2021,Kalimantan Tengah,Kota Palangkaraya,42.04,4.33,8.54,19.49,1.28,2.36,2.18,2.04,17.73,,
2020,Kalimantan Tengah,Kab. Kotawaringin Barat,50.00,5.00,10.00,12.00,2.00,2.00,2.00,1.00,16.00,,
2020,Kalimantan Tengah,Kab. Kotawaringin Timur,45.05,5.00,7.26,20.26,1.82,4.04,1.18,4.33,11.06,,
2020,Kalimantan Tengah,Kab. Kapuas,37.50,20.00,13.20,12.00,0.30,1.00,,1.00,15.00,,
2020,Kalimantan Tengah,Kab. Barito Utara,30.00,12.00,14.00,20.00,5.00,5.00,2.00,2.00,10.00,,
2020,Kalimantan Tengah,Kab. Katingan,56.98,2.06,13.17,14.34,4.02,1.78,3.14,3.28,0.95,,
2020,Kalimantan Tengah,Kab. Sukamara,,,,,,,,,,,
2020,Kalimantan Tengah,Kab. Pulang Pisau,23.51,26.74,13.31,25.13,3.19,2.41,0.83,1.79,3.09,,
2020,Kalimantan Tengah,Kab. Barito Timur,32.00,9.00,7.00,37.00,1.00,5.00,6.50,1.20,1.30,,
2020,Kalimantan Tengah,Kota Palangkaraya,70.05,1.40,7.14,15.14,0.67,1.30,0.90,1.01,2.39,,
2019,Kalimantan Tengah,Kab. Kotawaringin Barat,47.00,5.00,10.00,15.00,2.00,2.00,2.00,1.00,16.00,,
2019,Kalimantan Tengah,Kab. Kotawaringin Timur,45.05,5.00,7.26,20.26,1.82,4.04,1.18,4.33,11.06,,
2019,Kalimantan Tengah,Kab. Kapuas,39.40,20.00,12.30,13.50,0.16,1.00,,1.00,11.70,,
2019,Kalimantan Tengah,Kab. Barito Utara,30.00,12.00,14.00,20.00,5.00,5.00,2.00,2.00,10.00,,
2019,Kalimantan Tengah,Kab. Katingan,56.98,2.06,13.17,14.34,4.02,1.78,3.14,3.28,0.95,,
2019,Kalimantan Tengah,Kab. Sukamara,,,,,,,,,,,
2019,Kalimantan Tengah,Kab. Pulang Pisau,23.51,26.74,13.31,25.13,3.19,2.41,0.83,1.79,3.09,,
2019,Kalimantan Tengah,Kab. Barito Timur,31.00,11.00,5.00,35.00,1.00,6.00,6.00,3.00,2.00,,
2019,Kalimantan Tengah,Kota Palangkaraya,70.05,1.59,7.14,14.95,0.67,1.30,0.90,1.01,2.39,,
2022,Kalimantan Timur,Kab. Paser,54.99,0.22,10.20,13.64,1.38,13.56,1.20,3.52,1.29,,
2022,Kalimantan Timur,Kab. Kutai Kartanegara,73.92,0.98,10.43,7.86,2.04,1.57,0.55,1.75,0.90,,
2022,Kalimantan Timur,Kab. Berau,55.39,1.28,3.74,26.47,9.63,0.20,0.20,0.99,2.10,,
2022,Kalimantan Timur,Kab. Kutai Barat,,,,,,,,,,,
2022,Kalimantan Timur,Kab. Kutai Timur,42.00,20.00,8.00,23.00,3.00,1.00,1.00,1.00,1.00,,
2022,Kalimantan Timur,Kab. Penajam Paser Utara,46.13,1.09,20.87,29.83,0.22,0.02,0.67,0.83,0.34,,
2022,Kalimantan Timur,Kab. Mahakam Ulu,50.00,5.00,8.00,30.00,3.00,1.00,1.00,1.00,1.00,,
2022,Kalimantan Timur,Kota Balikpapan,42.30,6.36,10.26,7.20,3.87,2.94,0.98,6.56,19.53,,
2022,Kalimantan Timur,Kota Samarinda,53.39,7.00,17.00,19.90,0.65,0.62,0.06,0.92,0.46,,
2022,Kalimantan Timur,Kota Bontang,44.12,6.00,27.50,18.00,2.10,0.03,0.25,1.05,0.95,,
2021,Kalimantan Timur,Kab. Paser,54.99,0.22,10.20,13.64,1.38,13.56,1.20,3.52,1.29,,
2021,Kalimantan Timur,Kab. Kutai Kartanegara,73.92,0.98,10.43,7.86,2.04,1.57,0.55,1.75,0.90,,
2021,Kalimantan Timur,Kab. Kutai Timur,43.00,20.00,7.00,22.00,2.00,1.00,2.00,2.00,1.00,,
2021,Kalimantan Timur,Kab. Penajam Paser Utara,46.13,1.09,20.87,29.83,0.22,0.02,0.67,0.83,0.34,,
2021,Kalimantan Timur,Kota Balikpapan,42.30,6.36,10.26,7.20,3.87,2.94,0.98,6.56,19.53,,
2021,Kalimantan Timur,Kota Samarinda,53.39,7.00,17.00,19.90,0.65,0.62,0.06,0.92,0.46,,
2021,Kalimantan Timur,Kota Bontang,44.12,6.00,27.50,18.00,2.10,0.03,0.25,1.05,0.95,,
2020,Kalimantan Timur,Kab. Paser,54.99,0.22,10.20,13.64,1.38,13.56,1.20,3.52,1.29,,
2020,Kalimantan Timur,Kab. Kutai Kartanegara,73.92,0.98,10.43,7.86,2.04,1.57,0.55,1.75,0.90,,
2020,Kalimantan Timur,Kab. Penajam Paser Utara,46.13,1.09,20.87,29.83,0.22,0.02,0.67,0.83,0.34,,
2020,Kalimantan Timur,Kota Balikpapan,42.30,6.36,10.26,7.20,3.87,2.94,0.98,6.56,19.53,,
2020,Kalimantan Timur,Kota Samarinda,53.39,7.00,17.00,19.90,0.65,0.62,0.06,0.92,0.46,,
2020,Kalimantan Timur,Kota Bontang,44.12,6.00,27.50,18.00,2.10,0.03,0.25,1.05,0.95,,
2019,Kalimantan Timur,Kab. Paser,54.99,0.22,10.20,13.64,1.38,13.56,1.20,3.52,1.29,,
2019,Kalimantan Timur,Kab. Kutai Kartanegara,73.92,0.98,10.43,7.86,2.04,1.57,0.55,1.75,0.90,,
2019,Kalimantan Timur,Kab. Berau,55.39,1.28,4.02,26.47,9.63,0.05,0.07,0.99,2.10,,
2019,Kalimantan Timur,Kab. Kutai Timur,30.00,20.00,10.00,25.00,5.00,5.00,2.00,2.00,1.00,,
2019,Kalimantan Timur,Kab. Penajam Paser Utara,5.00,20.00,40.00,19.00,15.00,0.70,0.20,0.10,,,
2019,Kalimantan Timur,Kota Balikpapan,42.30,6.36,10.26,7.20,3.87,2.94,0.98,6.56,19.53,,
2019,Kalimantan Timur,Kota Samarinda,53.39,7.00,17.00,19.90,0.65,0.62,0.06,0.92,0.46,,
2019,Kalimantan Timur,Kota Bontang,45.00,4.00,27.00,20.00,2.00,0.01,0.02,1.00,0.97,,
2022,Kalimantan Utara,Kab. Nunukan,46.40,8.20,23.40,21.30,0.20,0.20,0.10,0.10,0.10,,
2022,Kalimantan Utara,Kab. Tana Tidung,,,,,,,,,,,
2021,Kalimantan Utara,Kab. Nunukan,46.40,8.20,23.40,21.30,0.20,0.20,0.10,0.10,0.10,,
2021,Kalimantan Utara,Kab. Tana Tidung,,,,,,,,,,,
2020,Kalimantan Utara,Kab. Nunukan,46.40,8.20,23.40,21.30,0.20,0.20,0.10,0.10,0.10,,
2020,Kalimantan Utara,Kota Tarakan,41.00,12.00,16.00,17.00,1.00,2.00,,,11.00,,
2019,Kalimantan Utara,Kab. Nunukan,46.40,8.20,23.40,21.30,0.20,0.20,0.10,0.10,0.10,,
2019,Kalimantan Utara,Kota Tarakan,41.00,12.00,16.00,17.00,1.00,2.00,,,11.00,,
2022,Kepulauan Bangka Belitung,Kab. Bangka,39.85,13.96,12.07,16.97,3.37,2.69,1.98,2.31,6.80,,
2022,Kepulauan Bangka Belitung,Kab. Belitung,1.00,28.00,2.00,63.00,0.01,1.00,2.54,2.40,0.05,,
2022,Kepulauan Bangka Belitung,Kab. Bangka Tengah,41.90,8.50,3.80,14.30,3.90,4.90,,5.50,17.20,,
2022,Kepulauan Bangka Belitung,Kab. Belitung Timur,57.00,,5.00,17.00,2.00,2.00,2.00,1.00,14.00,,
2021,Kepulauan Bangka Belitung,Kab. Bangka,39.85,13.96,12.07,16.97,3.37,2.69,1.98,2.31,6.80,,
2021,Kepulauan Bangka Belitung,Kab. Belitung,0.75,40.00,2.00,30.00,2.50,3.00,3.00,5.00,13.75,,
2021,Kepulauan Bangka Belitung,Kab. Bangka Selatan,17.77,29.46,10.04,12.01,14.97,3.84,3.98,4.99,2.94,,
2021,Kepulauan Bangka Belitung,Kab. Bangka Tengah,41.90,8.50,3.80,14.40,3.80,4.90,0.00,5.60,17.10,,
2021,Kepulauan Bangka Belitung,Kota Pangkal Pinang,51.90,13.60,7.20,13.50,2.20,3.10,2.00,1.60,4.90,,
2020,Kepulauan Bangka Belitung,Kab. Bangka,26.17,11.50,30.86,18.82,0.62,3.79,0.42,0.66,7.16,,
2020,Kepulauan Bangka Belitung,Kab. Belitung,0.50,75.00,0.30,0.60,0.03,0.25,0.02,0.30,23.00,,
2020,Kepulauan Bangka Belitung,Kab. Bangka Tengah,40.00,14.00,10.00,15.00,2.00,12.00,4.00,1.00,2.00,,
2020,Kepulauan Bangka Belitung,Kab. Bangka Barat,,,,,,,,,,,
2020,Kepulauan Bangka Belitung,Kab. Belitung Timur,,,,,,,,,,,
2020,Kepulauan Bangka Belitung,Kota Pangkal Pinang,51.73,12.80,7.77,9.60,2.28,3.88,6.22,2.26,3.46,,
2019,Kepulauan Bangka Belitung,Kab. Bangka,26.17,30.86,11.50,18.82,0.62,3.79,0.42,0.66,7.16,,
2019,Kepulauan Bangka Belitung,Kab. Bangka Selatan,19.99,37.46,10.04,17.42,12.67,0.78,0.65,0.54,0.45,,
2019,Kepulauan Bangka Belitung,Kab. Bangka Tengah,40.00,14.00,10.00,15.00,2.00,12.00,4.00,1.00,2.00,,
2019,Kepulauan Bangka Belitung,Kota Pangkal Pinang,,,,,,,,,,,
2022,Kepulauan Riau,Kab. Bintan,41.00,5.80,24.00,16.40,1.00,1.50,3.20,2.50,4.60,,
2022,Kepulauan Riau,Kab. Karimun,23.00,19.00,24.00,24.50,4.00,2.50,1.50,1.20,0.30,,
2022,Kepulauan Riau,Kab. Natuna,,,,,,,,,,,
2022,Kepulauan Riau,Kab. Lingga,41.20,13.60,18.30,10.20,1.80,8.90,3.90,1.90,0.20,,
2022,Kepulauan Riau,Kab. Kepulauan Anambas,,,,,,,,,,,
2022,Kepulauan Riau,Kota Batam,,,,,,,,,,,
2022,Kepulauan Riau,Kota Tanjung Pinang,,,,,,,,,,,
2021,Kepulauan Riau,Kab. Bintan,37.66,5.40,23.89,14.00,0.70,5.25,4.60,3.00,5.50,,
2021,Kepulauan Riau,Kab. Karimun,23.00,19.00,24.00,24.50,4.00,2.50,1.50,1.20,0.30,,
2021,Kepulauan Riau,Kota Tanjung Pinang,,,,,,,,,,,
2020,Kepulauan Riau,Kab. Bintan,38.80,5.50,24.40,12.40,0.50,5.50,3.90,2.50,6.50,,
2020,Kepulauan Riau,Kab. Karimun,23.00,19.00,24.00,24.50,4.00,2.50,1.50,1.20,0.30,,
2020,Kepulauan Riau,Kab. Natuna,,,,,,,,,,,
2020,Kepulauan Riau,Kab. Lingga,41.20,13.60,18.30,10.20,1.80,8.90,3.90,1.90,0.20,,
2020,Kepulauan Riau,Kab. Kepulauan Anambas,,,,,,,,,,,
2020,Kepulauan Riau,Kota Batam,49.00,9.00,10.00,19.00,1.00,2.00,0.00,1.00,9.00,,
2020,Kepulauan Riau,Kota Tanjung Pinang,21.00,37.00,7.00,25.00,3.00,2.00,2.00,1.00,2.00,,
2019,Kepulauan Riau,Kab. Bintan,37.50,5.60,23.60,14.10,0.60,5.20,4.50,2.50,6.40,,
2019,Kepulauan Riau,Kab. Karimun,25.00,18.00,20.00,23.50,4.50,3.00,1.40,4.00,0.60,,
2019,Kepulauan Riau,Kab. Natuna,,,,,,,,,,,
2019,Kepulauan Riau,Kab. Lingga,40.80,10.30,17.10,12.80,1.60,9.50,4.80,1.60,1.50,,
2019,Kepulauan Riau,Kab. Kepulauan Anambas,,,,,,,,,,,
2019,Kepulauan Riau,Kota Batam,49.00,9.00,10.00,19.00,1.00,2.00,0.00,1.00,9.00,,
2019,Kepulauan Riau,Kota Tanjung Pinang,18.00,37.00,9.00,26.00,3.00,1.00,2.00,1.00,3.00,,
2022,Lampung,Kab. Lampung Tengah,41.00,1.00,2.00,24.00,1.00,19.00,8.00,3.00,1.00,,
2022,Lampung,Kab. Tanggamus,31.00,24.37,13.22,21.00,0.44,0.65,0.14,1.72,7.36,,
2022,Lampung,Kab. Way Kanan,61.00,19.00,4.00,8.00,4.00,1.00,2.00,1.00,,,
2022,Lampung,Kab. Pringsewu,50.00,15.00,5.00,20.00,1.00,0.25,0.25,0.25,8.25,,
2022,Lampung,Kab. Tulang Bawang Barat,,,,,,,,,,,
2022,Lampung,Kota Bandar Lampung,40.40,12.90,11.70,17.40,3.10,2.50,1.80,2.30,7.90,,
2022,Lampung,Kota Metro,56.47,6.24,9.40,24.07,0.56,1.25,0.27,0.88,0.86,,
2021,Lampung,Kab. Lampung Tengah,5.00,40.00,4.00,48.00,,2.00,,1.00,,,
2021,Lampung,Kab. Tanggamus,36.32,22.03,8.92,16.80,4.07,3.08,2.58,4.86,1.34,,
2021,Lampung,Kab. Way Kanan,0.60,0.19,0.04,0.08,0.04,0.02,0.02,0.01,0.00,,
2021,Lampung,Kab. Pringsewu,33.00,15.00,5.00,6.00,15.00,,,3.00,23.00,,
2021,Lampung,Kota Bandar Lampung,40.40,12.90,11.70,17.40,3.10,2.50,1.80,2.30,7.90,,
2021,Lampung,Kota Metro,56.47,6.24,9.40,24.07,0.56,1.25,0.27,0.88,0.86,,
2020,Lampung,Kab. Lampung Barat,25.00,20.00,15.00,35.00,2.00,0.50,0.50,0.20,1.80,,
2020,Lampung,Kab. Way Kanan,0.58,0.16,0.05,0.12,0.00,0.04,0.02,0.02,0.01,,
2020,Lampung,Kab. Pesawaran,29.00,31.00,10.00,20.00,3.00,1.00,2.00,2.00,2.00,,
2020,Lampung,Kota Bandar Lampung,40.40,12.90,11.70,17.40,3.10,2.50,1.80,2.30,7.90,,
2020,Lampung,Kota Metro,56.47,6.24,9.40,24.07,0.56,1.25,0.27,0.88,0.86,,
2019,Lampung,Kab. Lampung Barat,20.00,15.00,10.00,35.00,2.00,0.50,0.50,0.20,16.80,,
2019,Lampung,Kab. Way Kanan,0.60,0.17,0.05,0.09,0.05,0.02,0.02,0.01,0.00,,
2019,Lampung,Kab. Pringsewu,50.00,15.00,5.00,20.00,1.00,0.25,0.25,0.25,8.25,,
2019,Lampung,Kota Bandar Lampung,30.00,5.00,5.00,30.00,5.00,2.00,10.00,6.00,7.00,,
2019,Lampung,Kota Metro,56.47,6.24,9.40,24.07,0.56,1.25,0.27,0.88,0.86,,
2022,Maluku,Kab. Maluku Tengah,,,2.70,22.50,,,,,0.06,,
2022,Maluku,Kab. Buru Selatan,39.00,18.00,14.00,22.00,1.00,1.00,1.00,1.00,3.00,,
2021,Maluku,Kab. Maluku Tengah,,,,,,,,,,,
2021,Maluku,Kab. Buru Selatan,33.00,22.00,11.00,23.00,2.00,1.00,1.00,2.00,5.00,,
2021,Maluku,Kota Tual,8.50,17.50,10.80,15.80,5.60,9.30,7.00,6.70,18.80,,
2020,Maluku,Kab. Buru Selatan,20.00,19.00,16.00,23.00,5.00,4.00,2.00,7.00,4.00,,
2020,Maluku,Kota Ambon,39.00,9.00,12.30,15.90,7.00,4.30,3.00,5.00,4.50,,
2019,Maluku,Kab. Maluku Tenggara,35.00,45.00,7.00,7.00,0.50,2.00,1.50,1.00,1.00,,
2019,Maluku,Kab. Buru Selatan,22.00,12.00,20.00,31.00,3.00,3.00,2.00,2.00,5.00,,
2019,Maluku,Kota Ambon,38.00,6.80,11.60,14.60,10.10,5.00,3.00,7.10,3.80,,
2022,Maluku Utara,Kab. Halmahera Utara,49.86,15.90,12.79,13.34,0.84,4.19,0.89,2.08,0.11,,
2022,Maluku Utara,Kota Tidore Kepulauan,,,,,,,,,,,
2021,Maluku Utara,Kota Tidore Kepulauan,34.00,25.00,12.00,11.80,2.30,0.80,1.50,5.80,6.80,,
2020,Maluku Utara,Kab. Halmahera Utara,49.76,15.82,12.74,13.27,0.92,0.63,0.22,2.26,4.38,,
2020,Maluku Utara,Kab. Pulau Morotai,,,,,,,,,,,
2020,Maluku Utara,Kota Tidore Kepulauan,34.00,25.00,12.00,11.80,2.30,0.80,1.50,5.80,6.80,,
2019,Maluku Utara,Kab. Halmahera Utara,,,,,,,,,,,
2019,Maluku Utara,Kota Ternate,54.00,5.70,10.60,13.60,6.30,1.60,1.00,3.70,3.50,,
2019,Maluku Utara,Kota Tidore Kepulauan,34.00,25.00,12.00,11.80,2.30,0.80,1.50,5.80,6.80,,
2022,Nusa Tenggara Barat,Kab. Lombok Barat,20.00,11.40,19.30,0.78,9.70,0.30,7.60,0.10,9.00,,
2022,Nusa Tenggara Barat,Kab. Lombok Tengah,55.00,,9.00,13.00,10.00,,,,13.00,,
2022,Nusa Tenggara Barat,Kab. Lombok Timur,36.00,23.00,3.50,19.00,7.00,4.00,3.00,4.00,0.50,,
2022,Nusa Tenggara Barat,Kab. Sumbawa,38.21,8.18,12.19,20.34,2.36,0.51,0.68,4.28,13.25,,
2022,Nusa Tenggara Barat,Kab. Bima,40.00,5.00,5.00,20.00,,,,,30.00,,
2022,Nusa Tenggara Barat,Kab. Lombok Utara,60.00,5.00,5.00,15.00,5.00,2.00,2.00,2.00,4.00,,
2022,Nusa Tenggara Barat,Kota Mataram,,,,,,,,,,,
2022,Nusa Tenggara Barat,Kota Bima,34.00,22.00,7.00,20.00,6.00,5.00,2.00,4.00,,,
2021,Nusa Tenggara Barat,Kab. Lombok Timur,36.00,23.00,3.50,19.00,7.00,4.00,3.00,4.00,0.50,,
2021,Nusa Tenggara Barat,Kab. Sumbawa,38.21,8.18,12.19,20.34,2.36,0.51,0.68,4.28,13.25,,
2021,Nusa Tenggara Barat,Kota Mataram,64.00,6.00,7.00,9.00,6.00,2.00,2.00,2.00,2.00,,
2020,Nusa Tenggara Barat,Kab. Lombok Timur,36.00,23.00,3.50,19.00,7.00,4.00,3.00,4.00,0.50,,
2020,Nusa Tenggara Barat,Kab. Lombok Utara,,,,,,,,,,,
2019,Nusa Tenggara Barat,Kab. Lombok Timur,49.30,29.70,3.50,10.50,1.20,4.00,0.40,1.30,0.10,,
2019,Nusa Tenggara Barat,Kab. Lombok Utara,,,,,,,,,,,
2022,Nusa Tenggara Timur,Kab. Manggarai Barat,20.00,25.00,15.00,28.00,3.00,2.00,,5.00,2.00,,
2022,Nusa Tenggara Timur,Kota Kupang,28.50,16.50,14.00,20.50,5.00,3.00,1.50,2.50,8.50,,
2021,Nusa Tenggara Timur,Kab. Alor,,,,,,,,,,,
2021,Nusa Tenggara Timur,Kab. Manggarai Barat,34.79,17.00,23.31,11.10,2.65,3.27,1.35,2.97,3.56,,
2021,Nusa Tenggara Timur,Kota Kupang,28.50,16.50,14.00,20.50,5.00,3.00,1.50,2.50,8.50,,
2020,Nusa Tenggara Timur,Kab. Sumba Tengah,44.00,13.00,11.00,15.00,2.00,3.00,2.00,2.00,8.00,,
2020,Nusa Tenggara Timur,Kota Kupang,27.40,15.20,13.40,19.80,6.50,3.60,2.15,3.30,8.65,,
2022,Papua,Kab. Jayapura,43.00,5.00,22.00,24.50,3.50,,,,,,
2022,Papua,Kab. Kepulauan Yapen,,,,,,,,,,,
2022,Papua,Kab. Biak Numfor,12.74,39.29,22.38,11.64,10.48,0.01,0.13,3.33,,,
2022,Papua,Kab. Sarmi,,,,,,,,,,,
2022,Papua,Kab. Waropen,10.00,15.00,20.00,20.00,10.00,5.00,10.00,5.00,5.00,,
2022,Papua,Kota Jayapura,,,,,,,,,,,
2021,Papua,Kab. Jayapura,40.00,,20.00,20.00,3.00,,,,,,
2021,Papua,Kab. Biak Numfor,12.88,39.22,22.35,11.63,10.46,0.01,0.13,3.32,,,
2021,Papua,Kab. Keerom,10.00,10.00,5.00,45.00,10.00,5.00,5.00,5.00,5.00,,
2021,Papua,Kota Jayapura,67.39,10.50,4.78,6.59,4.22,2.04,1.09,0.45,2.94,,
2020,Papua,Kab. Biak Numfor,11.93,36.39,24.11,12.54,11.28,0.02,0.14,3.59,0.00,,
2020,Papua,Kab. Keerom,10.00,8.00,10.00,35.00,10.00,5.00,15.00,2.00,5.00,,
2020,Papua,Kota Jayapura,66.39,10.58,4.79,6.60,4.34,2.05,1.08,0.46,3.71,,
2019,Papua,Kab. Biak Numfor,5.69,33.75,27.83,14.79,13.19,0.02,0.21,4.52,0.00,,
2019,Papua,Kota Jayapura,66.39,10.58,4.79,6.60,4.34,2.05,1.08,0.46,3.71,,
2022,Papua Barat,Kab. Manokwari,44.00,,11.00,26.00,,,,,19.00,,
2022,Papua Barat,Kab. Teluk Wondama,,,,,,,,,,,
2022,Papua Barat,Kab. Kaimana,10.00,15.00,20.00,25.00,10.00,5.00,10.00,5.00,,,
2021,Papua Barat,Kab. Manokwari,44.00,,11.00,26.00,,,,,19.00,,
2020,Papua Barat,Kab. Manokwari,44.00,,11.00,26.00,,,,,19.00,,
2018,Papua Barat,Kab. Manokwari,44.00,,11.00,26.00,,,,,19.00,,
2022,Papua Barat Daya,Kab. Sorong,,,,,,,,,,,
2021,Papua Barat Daya,Kab. Sorong Selatan,,,,,,,,,,,
2021,Papua Barat Daya,Kab. Tambrauw,,,,,,,,,,,
2020,Papua Barat Daya,Kab. Sorong Selatan,,,,,,,,,,,
2020,Papua Barat Daya,Kab. Raja Ampat,0.00,0.00,0.00,0.00,0.00,,,0.00,,,
2019,Papua Barat Daya,Kab. Raja Ampat,0.00,0.00,0.00,0.00,0.00,,,0.00,,,
2021,Papua Pegunungan,Kab. Lanny Jaya,,,,,,,,,,,
2022,Papua Selatan,Kab. Merauke,45.20,17.70,11.50,19.60,0.70,1.80,0.50,0.90,2.10,,
2022,Papua Selatan,Kab. Boven Digoel,15.00,13.00,20.00,15.00,1.00,5.00,2.00,10.00,19.00,,
2022,Papua Selatan,Kab. Asmat,20.00,11.80,15.00,40.00,4.00,2.40,3.00,1.80,2.00,,
2021,Papua Selatan,Kab. Asmat,20.00,10.00,15.00,40.00,4.00,3.00,3.00,3.00,2.00,,
2020,Papua Selatan,Kab. Asmat,20.00,10.00,15.00,40.00,4.00,3.00,3.00,3.00,2.00,,
2019,Papua Selatan,Kab. Asmat,15.00,10.00,30.00,20.00,5.00,5.00,5.00,5.00,5.00,,
2022,Papua Tengah,Kab. Mimika,,,,,,,,,,,
2021,Papua Tengah,Kab. Nabire,62.56,15.13,4.60,11.32,0.48,1.95,,1.79,2.17,,
2022,Riau,Kab. Indragiri Hulu,20.00,10.00,10.00,20.00,5.00,5.00,5.00,5.00,20.00,,
2022,Riau,Kab. Bengkalis,72.90,3.62,2.89,5.02,0.52,0.96,0.91,1.98,10.66,,
2022,Riau,Kab. Rokan Hulu,30.50,6.00,8.80,20.20,0.70,3.90,1.20,1.30,27.40,,
2022,Riau,Kab. Siak,39.00,15.00,10.00,26.00,1.00,2.00,2.00,3.00,2.00,,
2022,Riau,Kab. Kuantan Singingi,,,,,,,,,,,
2022,Riau,Kota Pekanbaru,59.00,3.00,12.00,10.00,2.00,1.00,1.00,1.00,11.00,,
2022,Riau,Kota Dumai,48.97,7.50,5.30,8.95,2.27,3.72,2.50,2.79,18.00,,
2021,Riau,Kab. Indragiri Hilir,65.00,2.00,2.00,30.00,,1.00,,,,,
2021,Riau,Kab. Siak,39.00,15.00,10.00,26.00,1.00,2.00,2.00,3.00,2.00,,
2021,Riau,Kota Pekanbaru,59.00,3.00,12.00,10.00,2.00,1.00,1.00,1.00,11.00,,
2021,Riau,Kota Dumai,45.75,7.25,5.67,8.45,2.75,3.75,4.15,3.65,18.58,,
2020,Riau,Kab. Kampar,20.00,10.00,5.00,35.00,10.00,5.00,5.00,5.00,5.00,,
2020,Riau,Kab. Indragiri Hilir,,,36.00,33.00,12.00,,,,,,
2020,Riau,Kab. Pelalawan,10.00,18.00,20.00,30.00,6.00,3.00,5.00,3.00,5.00,,
2020,Riau,Kab. Siak,39.00,15.00,10.00,26.00,1.00,2.00,2.00,3.00,2.00,,
2020,Riau,Kab. Kuantan Singingi,,,,,,,,,,,
2020,Riau,Kota Pekanbaru,,,,,,,,,,,
2020,Riau,Kota Dumai,,,,,,,,,,,
2019,Riau,Kab. Kampar,20.00,10.00,10.00,35.00,10.00,5.00,5.00,5.00,,,
2019,Riau,Kab. Pelalawan,,,,,,,,,,,
2019,Riau,Kab. Rokan Hilir,8.00,33.00,19.00,24.00,3.00,3.00,2.00,2.00,6.00,,
2019,Riau,Kab. Siak,39.00,15.00,10.00,26.00,1.00,2.00,2.00,3.00,2.00,,
2019,Riau,Kota Pekanbaru,,,,,,,,,,,
2022,Sulawesi Barat,Kab. Mamuju,,,,,,,,,,,
2022,Sulawesi Barat,Kab. Majene,,,,,,,,,,,
2022,Sulawesi Barat,Kab. Mamuju Tengah,,,,,,,,,,,
2021,Sulawesi Barat,Kab. Mamuju,,,,,,,,,,,
2021,Sulawesi Barat,Kab. Majene,,,,,,,,,,,
2021,Sulawesi Barat,Kab. Mamuju Tengah,,,,,,,,,,,
2020,Sulawesi Barat,Kab. Pasangkayu,5.00,6.00,30.00,40.00,9.00,,,,10.00,,
2020,Sulawesi Barat,Kab. Mamuju,47.03,1.86,16.45,15.79,3.37,2.75,1.40,5.33,6.02,,
2020,Sulawesi Barat,Kab. Polewali Mandar,58.68,14.35,9.05,9.70,5.55,0.45,0.35,0.27,1.60,,
2019,Sulawesi Barat,Kab. Pasangkayu,,,,,,,,,,,
2019,Sulawesi Barat,Kab. Polewali Mandar,65.06,12.35,8.05,6.50,5.55,0.45,0.35,0.27,1.42,,
2022,Sulawesi Selatan,Kab. Kepulauan Selayar,50.00,8.17,15.00,15.00,4.90,2.60,3.50,0.50,0.33,,
2022,Sulawesi Selatan,Kab. Bulukumba,,,,,,,,,,,
2022,Sulawesi Selatan,Kab. Bantaeng,30.13,27.50,11.00,14.00,1.24,3.00,2.00,1.13,10.00,,
2022,Sulawesi Selatan,Kab. Jeneponto,28.00,17.00,9.50,19.50,5.50,1.50,4.00,2.00,13.00,,
2022,Sulawesi Selatan,Kab. Sinjai,31.50,13.00,31.09,14.68,8.20,0.87,0.44,0.08,0.14,,
2022,Sulawesi Selatan,Kab. Bone,52.30,1.00,10.10,10.70,3.10,0.50,1.10,1.10,20.10,,
2022,Sulawesi Selatan,Kab. Maros,75.42,9.85,3.18,6.69,2.21,0.11,0.14,0.12,2.28,,
2022,Sulawesi Selatan,Kab. Pangkajene Kepulauan,63.13,10.83,8.99,7.29,6.50,0.72,0.19,1.55,0.80,,
2022,Sulawesi Selatan,Kab. Barru,60.00,10.00,6.00,15.00,2.00,1.00,1.00,1.00,4.00,,
2022,Sulawesi Selatan,Kab. Soppeng,42.00,17.00,11.00,21.00,3.16,0.50,4.24,0.15,0.95,,
2022,Sulawesi Selatan,Kab. Wajo,41.10,17.34,7.10,17.03,2.03,3.90,6.49,2.90,2.11,,
2022,Sulawesi Selatan,Kab. Sidenreng Rappang,56.00,9.60,6.20,6.60,4.50,3.60,4.20,4.40,4.90,,
2022,Sulawesi Selatan,Kab. Pinrang,10.00,10.00,40.00,10.00,10.00,5.00,5.00,5.00,5.00,,
2022,Sulawesi Selatan,Kab. Enrekang,,,,,,,,,,,
2022,Sulawesi Selatan,Kab. Luwu Timur,40.00,10.00,25.00,15.00,3.00,1.00,2.00,2.00,2.00,,
2022,Sulawesi Selatan,Kab. Toraja Utara,,,,,,,,,,,
2022,Sulawesi Selatan,Kota Parepare,52.20,11.40,11.80,12.20,2.70,1.90,2.25,2.85,2.70,,
2022,Sulawesi Selatan,Kota Palopo,30.00,20.00,20.00,20.00,8.00,,,,2.00,,
2021,Sulawesi Selatan,Kab. Kepulauan Selayar,,,,,,,,,,,
2021,Sulawesi Selatan,Kab. Bulukumba,15.00,10.00,25.00,20.00,5.00,5.00,5.00,5.00,10.00,,
2021,Sulawesi Selatan,Kab. Bantaeng,30.13,27.50,11.00,14.00,1.24,3.00,2.00,1.13,10.00,,
2021,Sulawesi Selatan,Kab. Jeneponto,27.00,18.00,10.00,18.00,6.00,1.50,5.00,1.50,13.00,,
2021,Sulawesi Selatan,Kab. Sinjai,31.50,13.00,31.09,14.68,8.20,0.87,0.44,0.08,0.14,,
2021,Sulawesi Selatan,Kab. Bone,73.20,0.50,10.10,8.70,3.10,0.30,1.10,1.10,1.90,,
2021,Sulawesi Selatan,Kab. Maros,73.98,7.90,3.18,7.86,2.21,0.57,0.55,0.25,3.50,,
2021,Sulawesi Selatan,Kab. Pangkajene Kepulauan,63.13,10.83,8.99,7.29,6.50,0.72,0.19,1.55,0.80,,
2021,Sulawesi Selatan,Kab. Barru,57.00,12.50,6.00,15.00,2.50,1.00,1.00,1.00,4.00,,
2021,Sulawesi Selatan,Kab. Soppeng,,,,,,,,,,,
2021,Sulawesi Selatan,Kab. Wajo,41.03,17.34,7.20,17.02,2.10,3.90,6.40,2.90,2.11,,
2021,Sulawesi Selatan,Kab. Sidenreng Rappang,56.00,9.60,6.20,6.60,4.50,3.60,4.20,4.40,4.90,,
2021,Sulawesi Selatan,Kab. Pinrang,,,,,,,,,,,
2021,Sulawesi Selatan,Kab. Enrekang,,,,,,,,,,,
2021,Sulawesi Selatan,Kab. Luwu Timur,40.00,10.00,25.00,15.00,3.00,1.00,2.00,2.00,2.00,,
2021,Sulawesi Selatan,Kota Makassar,,,,,,,,,,,
2021,Sulawesi Selatan,Kota Parepare,51.80,11.35,12.45,11.20,3.75,1.95,2.10,2.75,2.65,,
2021,Sulawesi Selatan,Kota Palopo,30.00,25.00,20.00,15.00,8.00,,,,2.00,,
2020,Sulawesi Selatan,Kab. Kepulauan Selayar,50.00,8.17,15.00,15.00,4.90,2.60,3.50,0.50,0.33,,
2020,Sulawesi Selatan,Kab. Bulukumba,5.00,5.00,5.00,10.00,2.00,,,0.50,5.00,,
2020,Sulawesi Selatan,Kab. Bantaeng,30.13,27.50,11.00,14.00,1.24,3.00,2.00,1.13,10.00,,
2020,Sulawesi Selatan,Kab. Bone,73.40,0.50,10.00,8.60,3.10,0.40,1.20,1.10,1.70,,
2020,Sulawesi Selatan,Kab. Maros,70.72,10.04,7.18,8.86,0.98,0.17,0.05,0.03,1.97,,
2020,Sulawesi Selatan,Kab. Pangkajene Kepulauan,,,,,,,,,,,
2020,Sulawesi Selatan,Kab. Soppeng,,,,,,,,,,,
2020,Sulawesi Selatan,Kab. Wajo,42.10,17.10,6.50,19.10,2.30,6.40,2.80,2.20,1.50,,
2020,Sulawesi Selatan,Kab. Sidenreng Rappang,56.00,9.60,6.20,6.60,4.50,3.60,4.20,4.40,4.90,,
2020,Sulawesi Selatan,Kab. Enrekang,,,,,,,,,,,
2020,Sulawesi Selatan,Kab. Luwu,40.00,10.00,25.00,15.00,3.00,1.00,2.00,2.00,2.00,,
2020,Sulawesi Selatan,Kab. Luwu Utara,38.00,41.81,4.30,6.97,0.44,0.51,0.18,1.00,6.79,,
2020,Sulawesi Selatan,Kab. Luwu Timur,40.00,10.00,25.00,15.00,3.00,1.00,2.00,2.00,2.00,,
2020,Sulawesi Selatan,Kota Makassar,14.29,,2.04,5.26,1.67,0.71,,0.49,,,
2020,Sulawesi Selatan,Kota Parepare,52.30,10.80,11.90,13.75,2.55,1.65,1.90,2.80,2.35,,
2020,Sulawesi Selatan,Kota Palopo,20.00,30.00,15.00,20.00,5.00,5.00,,5.00,,,
2019,Sulawesi Selatan,Kab. Kepulauan Selayar,43.00,10.00,18.00,15.00,4.00,4.00,2.00,2.00,2.00,,
2019,Sulawesi Selatan,Kab. Bulukumba,,,,,,,,,,,
2019,Sulawesi Selatan,Kab. Bantaeng,30.10,27.50,11.00,14.00,1.20,3.00,2.00,1.10,10.00,,
2019,Sulawesi Selatan,Kab. Sinjai,35.20,14.00,29.00,14.60,1.00,0.70,2.10,1.20,2.20,,
2019,Sulawesi Selatan,Kab. Bone,73.40,0.50,10.50,8.60,3.10,0.40,1.30,1.90,0.30,,
2019,Sulawesi Selatan,Kab. Maros,73.98,5.04,8.86,10.18,0.98,,,,0.96,,
2019,Sulawesi Selatan,Kab. Pangkajene Kepulauan,,,,,,,,,,,
2019,Sulawesi Selatan,Kab. Barru,50.00,16.00,8.00,15.00,3.00,2.00,1.00,1.00,4.00,,
2019,Sulawesi Selatan,Kab. Wajo,41.70,17.70,6.30,18.50,2.30,3.10,2.20,2.20,6.00,,
2019,Sulawesi Selatan,Kab. Sidenreng Rappang,56.00,9.60,6.20,6.60,4.50,3.60,4.20,4.40,4.90,,
2019,Sulawesi Selatan,Kab. Enrekang,45.00,11.00,9.00,16.00,6.00,3.00,1.00,6.00,3.00,,
2019,Sulawesi Selatan,Kab. Luwu Utara,38.00,41.81,4.30,6.97,0.44,0.51,0.18,1.00,6.79,,
2019,Sulawesi Selatan,Kab. Luwu Timur,40.00,10.00,25.00,15.00,3.00,1.00,2.00,2.00,2.00,,
2019,Sulawesi Selatan,Kota Parepare,54.70,9.25,14.40,12.20,2.45,1.70,1.50,2.20,1.60,,
2019,Sulawesi Selatan,Kota Palopo,30.00,30.00,20.00,10.00,10.00,,,,,,
2022,Sulawesi Tengah,Kab. Banggai,33.00,12.00,21.00,15.00,6.00,3.00,2.00,2.00,6.00,,
2022,Sulawesi Tengah,Kab. Donggala,35.00,10.00,20.00,13.00,6.00,3.00,3.00,3.00,7.00,,
2022,Sulawesi Tengah,Kab. Morowali,2.20,3.00,2.50,8.88,3.10,1.50,2.00,0.20,3.00,,
2022,Sulawesi Tengah,Kab. Parigi Moutong,,,,,,,,,,,
2022,Sulawesi Tengah,Kab. Sigi,,,,,,,,,,,
2022,Sulawesi Tengah,Kab. Banggai Laut,,,,,,,,,,,
2022,Sulawesi Tengah,Kab. Morowali Utara,,,,,,,,,,,
2022,Sulawesi Tengah,Kota Palu,70.96,0.77,9.44,10.43,1.90,1.06,0.60,0.59,4.25,,
2021,Sulawesi Tengah,Kab. Donggala,35.00,10.00,20.00,13.00,6.00,3.00,3.00,3.00,7.00,,
2021,Sulawesi Tengah,Kab. Parigi Moutong,,,,,,,,,,,
2021,Sulawesi Tengah,Kab. Sigi,,,,,,,,,0.00,,
2021,Sulawesi Tengah,Kab. Banggai Laut,,,,,,,,,,,
2021,Sulawesi Tengah,Kota Palu,,,,,,,,,,,
2020,Sulawesi Tengah,Kab. Banggai,,,,,,,,,,,
2020,Sulawesi Tengah,Kab. Donggala,35.00,10.00,20.00,13.00,6.00,3.00,3.00,3.00,7.00,,
2020,Sulawesi Tengah,Kab. Parigi Moutong,,,,,,,,,,,
2020,Sulawesi Tengah,Kota Palu,70.96,0.77,9.44,10.43,1.90,1.06,0.68,0.59,4.15,,
2019,Sulawesi Tengah,Kab. Banggai,,,,,,,,,,,
2019,Sulawesi Tengah,Kab. Poso,26.97,24.91,16.99,22.56,2.80,1.75,1.66,1.65,0.71,,
2019,Sulawesi Tengah,Kab. Donggala,35.00,10.00,20.00,13.00,6.00,3.00,3.00,3.00,7.00,,
2019,Sulawesi Tengah,Kab. Parigi Moutong,32.84,8.21,37.99,4.19,,,,,16.77,,
2022,Sulawesi Tenggara,Kab. Kolaka,65.00,5.00,10.00,10.00,5.00,1.00,1.00,2.00,1.00,,
2022,Sulawesi Tenggara,Kab. Wakatobi,40.00,7.00,8.00,30.00,5.00,3.00,2.00,2.00,3.00,,
2022,Sulawesi Tenggara,Kab. Kolaka Utara,3.00,1.00,2.00,2.00,1.00,1.00,1.00,1.00,,,
2022,Sulawesi Tenggara,Kab. Buton Selatan,65.83,3.36,4.52,12.48,1.44,3.79,1.95,1.89,4.74,,
2022,Sulawesi Tenggara,Kota Kendari,43.65,17.44,16.78,17.25,1.54,0.72,1.06,1.16,0.40,,
2022,Sulawesi Tenggara,Kota Bau Bau,4.27,6.10,,0.61,,,,,87.82,,
2021,Sulawesi Tenggara,Kab. Wakatobi,,,,,,,,,,,
2021,Sulawesi Tenggara,Kota Kendari,43.65,17.44,16.78,17.25,1.54,0.72,1.06,1.16,0.40,,
2020,Sulawesi Tenggara,Kab. Kolaka,60.00,5.00,11.00,14.00,5.00,1.00,1.00,2.00,1.00,,
2020,Sulawesi Tenggara,Kab. Buton,,,,,,,,,,,
2020,Sulawesi Tenggara,Kab. Kolaka Utara,,,,,,,,,,,
2019,Sulawesi Tenggara,Kab. Kolaka,65.00,4.00,10.00,10.00,5.00,1.00,1.00,2.00,2.00,,
2019,Sulawesi Tenggara,Kab. Buton,,,,,,,,,,,
2019,Sulawesi Tenggara,Kab. Bombana,15.00,54.00,6.00,15.00,2.00,2.00,2.00,1.00,3.00,,
2022,Sulawesi Utara,Kab. Bolaang Mongondow,49.98,14.52,8.50,10.80,4.05,3.33,2.90,2.32,3.60,,
2022,Sulawesi Utara,Kab. Minahasa,,,,,,,,,,,
2022,Sulawesi Utara,Kab. Kepulauan Sangihe,45.10,6.89,5.20,32.00,0.40,3.30,0.50,2.00,4.61,,
2022,Sulawesi Utara,Kab. Minahasa Selatan,20.00,12.00,12.00,36.00,4.00,4.00,5.00,2.00,5.00,,
2022,Sulawesi Utara,Kab. Minahasa Utara,45.55,15.50,13.65,16.35,1.25,1.55,2.35,2.35,1.45,,
2022,Sulawesi Utara,Kab. Minahasa Tenggara,,,,,,,,,,,
2022,Sulawesi Utara,Kab. Bolaang Mongondow Utara,30.00,25.00,5.00,30.00,1.00,5.00,1.00,3.00,,,
2022,Sulawesi Utara,Kab. Kep. Siau Tagulandang Biaro,25.00,10.00,20.00,30.00,4.00,5.00,3.00,3.00,,,
2022,Sulawesi Utara,Kab. Bolaang Mongondow Timur,1.00,20.00,3.00,5.00,,2.00,1.00,3.00,65.00,,
2022,Sulawesi Utara,Kab. Bolaang Mongondow Selatan,7.00,35.00,5.00,7.00,3.00,9.00,4.00,3.00,27.00,,
2022,Sulawesi Utara,Kota Manado,47.70,1.14,18.66,19.48,0.26,1.54,1.49,1.85,7.88,,
2022,Sulawesi Utara,Kota Bitung,50.20,2.05,16.03,15.07,0.36,1.48,1.37,1.83,11.61,,
2022,Sulawesi Utara,Kota Tomohon,,,,,,,,,,,
2022,Sulawesi Utara,Kota Kotamobagu,53.50,5.00,11.80,8.50,5.70,3.60,2.60,2.80,6.50,,
2021,Sulawesi Utara,Kab. Kepulauan Sangihe,51.10,4.89,5.20,26.00,0.40,3.30,0.50,2.00,6.61,,
2021,Sulawesi Utara,Kab. Minahasa Selatan,20.00,12.00,12.00,36.00,4.00,4.00,5.00,2.00,5.00,,
2021,Sulawesi Utara,Kab. Minahasa Tenggara,36.08,9.68,12.16,11.04,4.28,4.26,3.24,5.14,14.12,,
2021,Sulawesi Utara,Kab. Bolaang Mongondow Utara,2.00,15.00,1.00,8.00,0.50,1.00,0.30,0.50,71.70,,
2021,Sulawesi Utara,Kab. Bolaang Mongondow Selatan,20.00,10.00,10.00,25.00,5.00,12.00,10.00,5.00,3.00,,
2021,Sulawesi Utara,Kota Manado,47.70,1.14,18.66,19.48,0.26,1.54,1.49,1.85,7.88,,
2021,Sulawesi Utara,Kota Bitung,48.20,2.05,18.03,19.07,0.36,1.48,1.37,1.83,7.61,,
2021,Sulawesi Utara,Kota Tomohon,,,,,,,,,,,
2021,Sulawesi Utara,Kota Kotamobagu,53.50,5.00,11.80,8.50,5.70,3.60,2.60,2.80,6.50,,
2020,Sulawesi Utara,Kab. Minahasa,,,,,,,,,,,
2020,Sulawesi Utara,Kab. Kepulauan Sangihe,15.00,35.00,6.00,19.00,5.00,4.00,4.00,7.00,5.00,,
2020,Sulawesi Utara,Kab. Minahasa Selatan,,,,,,,,,,,
2020,Sulawesi Utara,Kab. Minahasa Utara,52.74,0.75,14.75,20.78,0.30,0.55,0.38,1.75,8.00,,
2020,Sulawesi Utara,Kab. Minahasa Tenggara,40.00,17.00,10.00,16.00,4.00,3.00,2.00,2.00,6.00,,
2020,Sulawesi Utara,Kab. Kep. Siau Tagulandang Biaro,,,,,,,,,,,
2020,Sulawesi Utara,Kab. Bolaang Mongondow Selatan,,,,,,,,,,,
2020,Sulawesi Utara,Kota Bitung,49.11,1.14,18.02,18.92,0.26,1.48,1.48,1.83,7.76,,
2020,Sulawesi Utara,Kota Tomohon,,,,,,,,,,,
2020,Sulawesi Utara,Kota Kotamobagu,53.50,5.00,11.80,8.50,5.70,3.60,2.60,2.80,6.50,,
2019,Sulawesi Utara,Kab. Minahasa,,,,,,,,,,,
2019,Sulawesi Utara,Kab. Kepulauan Sangihe,15.00,35.00,6.00,19.00,5.00,4.00,4.00,7.00,5.00,,
2019,Sulawesi Utara,Kab. Kepulauan Talaud,60.00,3.00,3.00,20.00,1.00,2.00,2.00,1.00,8.00,,
2019,Sulawesi Utara,Kab. Minahasa Selatan,,,,,,,,,,,
2019,Sulawesi Utara,Kab. Minahasa Utara,,,,,,,,,,,
2019,Sulawesi Utara,Kab. Minahasa Tenggara,40.00,17.00,10.00,16.00,4.00,3.00,2.00,2.00,6.00,,
2019,Sulawesi Utara,Kab. Kep. Siau Tagulandang Biaro,,,,,,,,,,,
2019,Sulawesi Utara,Kab. Bolaang Mongondow Selatan,,,,,,,,,,,
2019,Sulawesi Utara,Kota Bitung,49.11,1.14,18.02,18.92,0.26,1.48,1.48,1.83,7.76,,
2019,Sulawesi Utara,Kota Tomohon,,,,,,,,,,,
2019,Sulawesi Utara,Kota Kotamobagu,53.40,5.10,11.80,8.70,5.70,3.50,2.60,2.80,6.40,,
2022,Sumatera Barat,Kab. Pesisir Selatan,20.40,19.60,23.00,19.00,16.00,0.42,1.58,,,,
2022,Sumatera Barat,Kab. Solok,29.00,20.00,12.00,22.00,2.00,2.00,2.00,2.00,9.00,,
2022,Sumatera Barat,Kab. Sijunjung,20.80,38.12,16.48,20.00,3.90,0.40,0.30,,,,
2022,Sumatera Barat,Kab. Tanah Datar,69.34,,8.63,6.00,2.24,1.57,,3.33,8.89,,
2022,Sumatera Barat,Kab. Padang Pariaman,31.82,,12.78,43.77,0.21,0.78,2.07,0.54,8.03,,
2022,Sumatera Barat,Kab. Agam,70.00,4.02,6.00,8.00,2.00,0.28,0.10,0.60,9.00,,
2022,Sumatera Barat,Kab. Lima Puluh Kota,,,,,,,,,,,
2022,Sumatera Barat,Kab. Pasaman,66.28,2.10,11.41,11.25,2.93,1.41,1.36,1.86,1.40,,
2022,Sumatera Barat,Kab. Dharmasraya,,,,,,,,,,,
2022,Sumatera Barat,Kab. Solok Selatan,34.25,0.78,16.35,25.69,0.13,0.59,0.55,2.41,19.25,,
2022,Sumatera Barat,Kab. Pasaman Barat,40.00,10.00,15.00,20.00,5.00,,,5.00,5.00,,
2022,Sumatera Barat,Kota Padang,62.80,6.84,5.70,12.40,0.19,3.30,1.50,2.40,4.87,,
2022,Sumatera Barat,Kota Solok,45.70,10.02,11.10,23.20,0.84,0.60,0.21,1.10,7.23,,
2022,Sumatera Barat,Kota Sawahlunto,46.00,10.00,11.00,14.00,3.00,5.00,4.00,5.00,2.00,,
2022,Sumatera Barat,Kota Padang Panjang,43.15,23.56,14.35,12.67,1.50,0.95,0.80,1.19,1.83,,
2022,Sumatera Barat,Kota Bukittinggi,61.12,1.14,16.50,18.72,0.46,0.89,,0.50,0.67,,
2022,Sumatera Barat,Kota Payakumbuh,51.62,7.43,11.42,21.54,0.65,1.56,0.57,0.87,4.34,,
2022,Sumatera Barat,Kota Pariaman,54.18,10.95,14.56,13.77,1.66,0.91,0.65,1.61,1.71,,
2021,Sumatera Barat,Kab. Pesisir Selatan,20.40,19.60,23.00,19.00,16.00,0.42,1.58,,,,
2021,Sumatera Barat,Kab. Tanah Datar,69.34,,8.63,6.00,2.24,1.57,,3.33,8.89,,
2021,Sumatera Barat,Kab. Agam,,,,,,,,,,,
2021,Sumatera Barat,Kab. Lima Puluh Kota,,,,,,,,,,,
2021,Sumatera Barat,Kab. Pasaman,,,,,,,,,,,
2021,Sumatera Barat,Kab. Dharmasraya,,,40.00,29.00,27.00,,,,,,
2021,Sumatera Barat,Kab. Solok Selatan,34.25,0.78,16.35,25.69,0.13,0.59,0.55,2.41,19.25,,
2021,Sumatera Barat,Kota Padang,62.80,6.84,5.70,12.40,0.19,3.30,1.50,2.40,4.87,,
2021,Sumatera Barat,Kota Solok,45.66,11.37,10.01,22.02,0.62,0.52,0.19,1.20,8.41,,
2021,Sumatera Barat,Kota Sawahlunto,,,,,,,,,,,
2021,Sumatera Barat,Kota Padang Panjang,43.15,23.56,14.35,12.67,1.50,0.95,0.80,1.19,1.83,,
2021,Sumatera Barat,Kota Payakumbuh,51.62,7.43,11.42,21.54,0.65,1.56,0.57,0.87,4.34,,
2020,Sumatera Barat,Kab. Pesisir Selatan,20.40,19.60,23.00,19.00,16.00,0.42,1.58,,,,
2020,Sumatera Barat,Kab. Sijunjung,20.80,18.60,38.40,19.60,1.90,0.30,0.40,,,,
2020,Sumatera Barat,Kab. Tanah Datar,69.34,,8.63,6.00,2.24,1.57,,3.33,8.89,,
2020,Sumatera Barat,Kab. Agam,,,,,,,,,,,
2020,Sumatera Barat,Kab. Lima Puluh Kota,40.00,17.00,10.00,16.00,4.00,3.00,2.00,2.00,6.00,,
2020,Sumatera Barat,Kab. Dharmasraya,,,20.00,30.00,45.00,,,,,,
2020,Sumatera Barat,Kab. Pasaman Barat,30.00,10.00,20.00,30.00,5.00,,,,5.00,,
2020,Sumatera Barat,Kota Padang,62.00,8.30,6.10,12.60,0.20,2.80,1.50,2.40,4.10,,
2020,Sumatera Barat,Kota Solok,46.07,11.56,9.28,22.32,0.60,0.54,0.10,1.10,8.43,,
2020,Sumatera Barat,Kota Sawahlunto,,,,,,,,,,,
2020,Sumatera Barat,Kota Padang Panjang,43.15,23.56,14.35,12.67,1.50,0.95,0.80,1.19,1.83,,
2020,Sumatera Barat,Kota Bukittinggi,61.81,1.10,16.79,17.74,0.46,0.90,,0.51,0.69,,
2020,Sumatera Barat,Kota Payakumbuh,51.62,7.43,11.42,21.54,0.65,1.56,0.57,0.87,4.34,,
2019,Sumatera Barat,Kab. Pesisir Selatan,21.50,19.50,21.80,20.00,15.50,0.40,1.30,,,,
2019,Sumatera Barat,Kab. Sijunjung,20.10,18.20,20.40,19.00,20.40,1.20,0.20,0.50,,,
2019,Sumatera Barat,Kab. Tanah Datar,69.34,,8.63,6.00,2.24,1.57,,3.33,8.89,,
2019,Sumatera Barat,Kab. Agam,62.63,4.99,6.16,13.47,1.05,0.14,0.35,0.28,10.93,,
2019,Sumatera Barat,Kab. Pasaman,74.83,1.70,10.20,6.80,2.04,0.68,0.68,2.38,0.69,,
2019,Sumatera Barat,Kab. Dharmasraya,,,19.00,28.00,44.00,,,,,,
2019,Sumatera Barat,Kota Padang,61.24,8.40,6.10,12.40,0.16,2.90,1.50,2.40,4.90,,
2019,Sumatera Barat,Kota Solok,41.92,12.68,15.47,20.53,0.56,0.66,0.10,1.65,6.43,,
2019,Sumatera Barat,Kota Sawahlunto,46.00,10.00,15.00,10.00,3.00,5.00,4.00,5.00,2.00,,
2019,Sumatera Barat,Kota Padang Panjang,43.15,23.56,14.35,12.67,1.50,0.95,0.80,1.19,1.83,,
2019,Sumatera Barat,Kota Bukittinggi,,,,,,,,,,,
2019,Sumatera Barat,Kota Payakumbuh,48.26,5.15,14.15,26.56,0.22,0.89,0.51,0.78,3.48,,
2022,Sumatera Selatan,Kab. Ogan Komering Ulu,35.00,25.00,10.00,15.00,7.00,3.00,2.00,3.00,,,
2022,Sumatera Selatan,Kab. Muara Enim,61.02,8.07,7.38,17.18,1.14,1.33,0.36,0.31,3.21,,
2022,Sumatera Selatan,Kab. Lahat,60.00,10.10,2.00,14.00,1.74,5.50,0.26,0.90,5.50,,
2022,Sumatera Selatan,Kab. Musi Rawas,,,,,,,,,,,
2022,Sumatera Selatan,Kab. Musi Banyuasin,,,,,,,,,,,
2022,Sumatera Selatan,Kab. Banyuasin,39.15,8.53,16.00,13.28,0.98,1.57,1.99,1.40,17.10,,
2022,Sumatera Selatan,Kab. Ogan Komering Ulu Timur,12.00,9.00,22.00,27.00,3.00,5.00,3.00,2.00,17.00,,
2022,Sumatera Selatan,Kab. Penukal Abab Lematang Ilir,60.30,5.60,10.28,17.20,4.55,0.55,0.15,0.42,0.95,,
2022,Sumatera Selatan,Kota Palembang,53.00,5.50,14.00,17.00,1.50,3.00,4.00,1.00,1.00,,
2022,Sumatera Selatan,Kota Prabumulih,50.56,9.80,6.02,26.60,1.84,1.80,0.60,1.80,0.98,,
2021,Sumatera Selatan,Kab. Muara Enim,61.02,8.07,7.38,17.18,1.14,1.33,0.36,0.31,3.21,,
2021,Sumatera Selatan,Kab. Lahat,50.00,15.00,5.00,15.00,5.00,,,5.00,5.00,,
2021,Sumatera Selatan,Kab. Musi Banyuasin,50.00,10.00,10.00,10.00,10.00,1.00,5.00,3.00,1.00,,
2021,Sumatera Selatan,Kab. Ogan Komering Ulu Timur,12.00,9.00,22.00,27.00,3.00,5.00,3.00,2.00,17.00,,
2021,Sumatera Selatan,Kota Palembang,56.90,5.40,15.10,17.50,0.50,2.70,0.30,0.80,0.80,,
2021,Sumatera Selatan,Kota Prabumulih,52.50,9.80,5.60,24.60,2.00,1.80,0.80,1.70,1.20,,
2020,Sumatera Selatan,Kab. Ogan Komering Ulu,,,,,,,,,,,
2020,Sumatera Selatan,Kab. Muara Enim,61.02,8.07,7.38,17.18,1.14,1.33,0.36,0.31,3.21,,
2020,Sumatera Selatan,Kab. Musi Rawas,41.18,5.08,1.07,9.63,19.79,0.53,3.74,17.38,1.60,,
2020,Sumatera Selatan,Kab. Musi Banyuasin,58.30,4.80,9.10,21.20,1.10,3.00,0.80,0.80,0.90,,
2020,Sumatera Selatan,Kab. Banyuasin,38.12,8.46,16.65,13.39,0.95,1.25,1.97,1.26,17.95,,
2020,Sumatera Selatan,Kab. Ogan Komering Ulu Timur,1.00,5.00,7.00,7.00,1.00,1.00,2.00,1.00,75.00,,
2020,Sumatera Selatan,Kab. Ogan Ilir,30.00,15.00,10.00,10.00,5.00,5.00,5.00,5.00,15.00,,
2020,Sumatera Selatan,Kab. Empat Lawang,,,,,,,,,,,
2020,Sumatera Selatan,Kota Palembang,55.00,5.00,10.00,14.00,5.00,4.00,3.00,2.00,2.00,,
2020,Sumatera Selatan,Kota Prabumulih,61.50,5.80,2.70,25.40,0.40,0.90,0.20,0.30,2.80,,
2019,Sumatera Selatan,Kab. Ogan Komering Ulu,,,,,,,,,,,
2019,Sumatera Selatan,Kab. Muara Enim,61.02,8.07,7.38,17.18,1.14,1.33,0.36,0.31,3.21,,
2019,Sumatera Selatan,Kab. Lahat,5.00,80.00,1.60,6.00,1.80,,,0.40,5.10,,
2019,Sumatera Selatan,Kab. Musi Rawas,43.52,17.41,10.44,22.24,1.55,0.97,2.90,0.58,0.39,,
2019,Sumatera Selatan,Kab. Musi Banyuasin,58.30,4.80,9.10,21.20,1.10,3.00,0.80,0.80,0.90,,
2019,Sumatera Selatan,Kab. Empat Lawang,,,,,,,,,,,
2019,Sumatera Selatan,Kota Palembang,51.20,6.70,17.20,18.00,0.60,2.80,0.50,1.20,1.90,,
2019,Sumatera Selatan,Kota Prabumulih,56.71,7.80,5.30,24.75,0.63,1.22,0.33,0.76,2.50,,
2022,Sumatera Utara,Kab. Tapanuli Tengah,54.60,0.01,11.39,13.15,0.37,3.28,0.84,1.59,14.77,,
2022,Sumatera Utara,Kab. Nias,,,,,,,,,,,
2022,Sumatera Utara,Kab. Langkat,38.00,30.00,24.00,7.00,0.20,0.20,0.10,,,,
2022,Sumatera Utara,Kab. Deli Serdang,20.50,24.00,13.80,20.20,6.00,5.00,3.00,2.00,5.50,,
2022,Sumatera Utara,Kab. Simalungun,5.50,1.93,15.44,20.46,0.37,7.70,4.50,8.60,35.50,,
2022,Sumatera Utara,Kab. Asahan,,,,,,,,,,,
2022,Sumatera Utara,Kab. Toba,,,,,,,,,,,
2022,Sumatera Utara,Kab. Humbang Hasundutan,12.00,55.00,10.00,13.00,3.00,1.00,0.20,0.80,5.00,,
2022,Sumatera Utara,Kota Medan,,,,,,,,,,,
2022,Sumatera Utara,Kota Pematang Siantar,45.00,6.00,12.00,10.00,5.00,3.00,4.00,4.00,11.00,,
2022,Sumatera Utara,Kota Tebing Tinggi,62.70,1.73,11.43,16.65,0.73,2.60,0.71,1.83,1.62,,
2022,Sumatera Utara,Kota Padangsidimpuan,49.93,7.58,13.56,12.71,0.38,3.29,1.13,2.17,9.25,,
2021,Sumatera Utara,Kab. Tapanuli Tengah,54.60,0.01,11.39,13.15,0.37,3.28,0.84,1.59,14.77,,
2021,Sumatera Utara,Kab. Tapanuli Utara,,,,,,6.00,,10.50,,,
2021,Sumatera Utara,Kab. Langkat,37.00,31.00,24.40,7.00,0.20,0.20,0.20,,,,
2021,Sumatera Utara,Kab. Karo,10.90,8.25,9.00,11.37,6.25,11.00,1.70,8.50,33.03,,
2021,Sumatera Utara,Kab. Deli Serdang,20.50,24.00,13.80,20.20,6.00,5.00,3.00,2.00,5.50,,
2021,Sumatera Utara,Kab. Simalungun,0.53,22.63,28.29,19.58,11.40,0.04,0.05,8.16,9.32,,
2021,Sumatera Utara,Kab. Asahan,,,,,,,,,,,
2021,Sumatera Utara,Kab. Toba,,,,,,,,,,,
2021,Sumatera Utara,Kota Medan,40.00,5.00,15.00,15.00,7.00,3.00,3.00,2.00,10.00,,
2021,Sumatera Utara,Kota Pematang Siantar,45.00,6.00,12.00,10.00,5.00,3.00,4.00,4.00,11.00,,
2021,Sumatera Utara,Kota Tebing Tinggi,62.70,1.73,11.43,16.65,0.73,2.60,0.71,1.83,1.62,,
2020,Sumatera Utara,Kab. Langkat,37.00,31.00,24.40,7.00,0.20,0.20,0.20,,,,
2020,Sumatera Utara,Kab. Deli Serdang,20.50,24.00,13.80,20.20,6.00,5.00,3.00,2.00,5.50,,
2020,Sumatera Utara,Kab. Asahan,1.16,61.40,7.18,13.04,2.00,5.48,0.44,1.33,7.97,,
2020,Sumatera Utara,Kab. Dairi,55.53,10.99,12.48,19.26,0.32,0.35,0.20,0.53,0.34,,
2020,Sumatera Utara,Kab. Humbang Hasundutan,12.00,55.00,10.00,13.00,3.00,1.00,0.20,0.80,5.00,,
2020,Sumatera Utara,Kab. Samosir,24.00,10.00,20.00,30.00,6.20,2.00,1.00,0.80,6.00,,
2020,Sumatera Utara,Kota Medan,48.00,5.00,17.00,14.00,1.00,4.00,2.00,1.00,8.00,,
2020,Sumatera Utara,Kota Sibolga,,,,,,,,,,,
2020,Sumatera Utara,Kota Tebing Tinggi,62.70,1.73,11.43,16.65,0.73,2.60,0.71,1.83,1.62,,
2019,Sumatera Utara,Kab. Langkat,22.90,19.90,18.90,14.60,1.00,3.00,2.00,2.00,7.00,,
2019,Sumatera Utara,Kab. Deli Serdang,20.50,14.00,13.80,30.20,6.00,5.00,3.00,2.00,5.50,,
2019,Sumatera Utara,Kab. Asahan,1.16,61.40,7.18,13.04,2.00,5.48,0.44,1.33,7.97,,
2019,Sumatera Utara,Kab. Dairi,55.53,10.99,12.48,19.26,0.32,0.35,0.20,0.53,0.34,,
2019,Sumatera Utara,Kab. Humbang Hasundutan,12.00,55.00,10.00,13.00,3.00,1.00,0.20,0.80,5.00,,
2019,Sumatera Utara,Kab. Samosir,25.00,10.50,20.00,30.00,4.00,2.00,1.00,0.50,7.00,,
2019,Sumatera Utara,Kota Medan,48.00,5.00,17.00,14.00,1.00,4.00,2.00,1.00,8.00,,
2019,Sumatera Utara,Kota Pematang Siantar,,,,,,,,,,,
2019,Sumatera Utara,Kota Tebing Tinggi,,,,,,,,,,,